id;gruppe;dateiname;groesse_px;grundflaeche;beschreibung_en;prompt_komplett;negativ_prompt
house_pioneers;Wohnhäuser;buildings/house_pioneers.png;256x224;2x2;small simple wooden settler hut with a thatched roof, rough timber walls, one door, tiny chimney;small simple wooden settler hut with a thatched roof, rough timber walls, one door, tiny chimney. isometric 2D video game asset, true 2:1 dimetric view (looking down at 30 degrees), hand-painted cel-shaded look with clean dark-brown outlines and soft saturated colours, light coming from the top left, no cast shadow on the ground, one single object centred, plain flat magenta background (#FF00FF) with nothing else in the picture, no text, no watermark, no frame, setting: European colonial trading settlement around the year 1500;text, letters, logo, watermark, frame, border, multiple objects, people in the foreground, perspective distortion, fisheye, photo realism, 3D render, cast shadow, gradient background, cropped object, blurry
house_settlers;Wohnhäuser;buildings/house_settlers.png;256x240;2x2;timber-framed cottage with whitewashed plaster walls, wooden shingle roof, small fenced garden;timber-framed cottage with whitewashed plaster walls, wooden shingle roof, small fenced garden. isometric 2D video game asset, true 2:1 dimetric view (looking down at 30 degrees), hand-painted cel-shaded look with clean dark-brown outlines and soft saturated colours, light coming from the top left, no cast shadow on the ground, one single object centred, plain flat magenta background (#FF00FF) with nothing else in the picture, no text, no watermark, no frame, setting: European colonial trading settlement around the year 1500;text, letters, logo, watermark, frame, border, multiple objects, people in the foreground, perspective distortion, fisheye, photo realism, 3D render, cast shadow, gradient background, cropped object, blurry
house_citizens;Wohnhäuser;buildings/house_citizens.png;256x272;2x2;two-storey half-timbered townhouse with red clay tile roof and shuttered windows;two-storey half-timbered townhouse with red clay tile roof and shuttered windows. isometric 2D video game asset, true 2:1 dimetric view (looking down at 30 degrees), hand-painted cel-shaded look with clean dark-brown outlines and soft saturated colours, light coming from the top left, no cast shadow on the ground, one single object centred, plain flat magenta background (#FF00FF) with nothing else in the picture, no text, no watermark, no frame, setting: European colonial trading settlement around the year 1500;text, letters, logo, watermark, frame, border, multiple objects, people in the foreground, perspective distortion, fisheye, photo realism, 3D render, cast shadow, gradient background, cropped object, blurry
house_merchants;Wohnhäuser;buildings/house_merchants.png;256x288;2x2;stately three-storey merchant house with stone ground floor, gabled tile roof, balcony and a trade sign;stately three-storey merchant house with stone ground floor, gabled tile roof, balcony and a trade sign. isometric 2D video game asset, true 2:1 dimetric view (looking down at 30 degrees), hand-painted cel-shaded look with clean dark-brown outlines and soft saturated colours, light coming from the top left, no cast shadow on the ground, one single object centred, plain flat magenta background (#FF00FF) with nothing else in the picture, no text, no watermark, no frame, setting: European colonial trading settlement around the year 1500;text, letters, logo, watermark, frame, border, multiple objects, people in the foreground, perspective distortion, fisheye, photo realism, 3D render, cast shadow, gradient background, cropped object, blurry
house_aristocrats;Wohnhäuser;buildings/house_aristocrats.png;256x304;2x2;elegant manor house of cream-coloured stone with a slate mansard roof, columns and ornamental dormers;elegant manor house of cream-coloured stone with a slate mansard roof, columns and ornamental dormers. isometric 2D video game asset, true 2:1 dimetric view (looking down at 30 degrees), hand-painted cel-shaded look with clean dark-brown outlines and soft saturated colours, light coming from the top left, no cast shadow on the ground, one single object centred, plain flat magenta background (#FF00FF) with nothing else in the picture, no text, no watermark, no frame, setting: European colonial trading settlement around the year 1500;text, letters, logo, watermark, frame, border, multiple objects, people in the foreground, perspective distortion, fisheye, photo realism, 3D render, cast shadow, gradient background, cropped object, blurry
house_ruin;Wohnhäuser;buildings/house_ruin.png;256x192;2x2;collapsed, burnt-out ruin of a stately house with broken walls and charred beams, no roof, a little smoke;collapsed, burnt-out ruin of a stately house with broken walls and charred beams, no roof, a little smoke. isometric 2D video game asset, true 2:1 dimetric view (looking down at 30 degrees), hand-painted cel-shaded look with clean dark-brown outlines and soft saturated colours, light coming from the top left, no cast shadow on the ground, one single object centred, plain flat magenta background (#FF00FF) with nothing else in the picture, no text, no watermark, no frame, setting: European colonial trading settlement around the year 1500;text, letters, logo, watermark, frame, border, multiple objects, people in the foreground, perspective distortion, fisheye, photo realism, 3D render, cast shadow, gradient background, cropped object, blurry
food_salt_stand;Marktstände;buildings/food_salt_stand.png;128x128;1x1;small market stall with a striped awning, baskets of bread, fish and sacks of salt;small market stall with a striped awning, baskets of bread, fish and sacks of salt. isometric 2D video game asset, true 2:1 dimetric view (looking down at 30 degrees), hand-painted cel-shaded look with clean dark-brown outlines and soft saturated colours, light coming from the top left, no cast shadow on the ground, one single object centred, plain flat magenta background (#FF00FF) with nothing else in the picture, no text, no watermark, no frame, setting: European colonial trading settlement around the year 1500;text, letters, logo, watermark, frame, border, multiple objects, people in the foreground, perspective distortion, fisheye, photo realism, 3D render, cast shadow, gradient background, cropped object, blurry
cloth_stand;Marktstände;buildings/cloth_stand.png;128x128;1x1;small market stall with striped awning, rolls of cloth, leather hides and bolts of silk;small market stall with striped awning, rolls of cloth, leather hides and bolts of silk. isometric 2D video game asset, true 2:1 dimetric view (looking down at 30 degrees), hand-painted cel-shaded look with clean dark-brown outlines and soft saturated colours, light coming from the top left, no cast shadow on the ground, one single object centred, plain flat magenta background (#FF00FF) with nothing else in the picture, no text, no watermark, no frame, setting: European colonial trading settlement around the year 1500;text, letters, logo, watermark, frame, border, multiple objects, people in the foreground, perspective distortion, fisheye, photo realism, 3D render, cast shadow, gradient background, cropped object, blurry
drink_stand;Marktstände;buildings/drink_stand.png;128x128;1x1;small market stall with barrels, bottles of spirits and wine, striped awning;small market stall with barrels, bottles of spirits and wine, striped awning. isometric 2D video game asset, true 2:1 dimetric view (looking down at 30 degrees), hand-painted cel-shaded look with clean dark-brown outlines and soft saturated colours, light coming from the top left, no cast shadow on the ground, one single object centred, plain flat magenta background (#FF00FF) with nothing else in the picture, no text, no watermark, no frame, setting: European colonial trading settlement around the year 1500;text, letters, logo, watermark, frame, border, multiple objects, people in the foreground, perspective distortion, fisheye, photo realism, 3D render, cast shadow, gradient background, cropped object, blurry
tobacco_spice_stand;Marktstände;buildings/tobacco_spice_stand.png;128x128;1x1;small market stall with bundles of tobacco leaves and bowls of colourful spices, striped awning;small market stall with bundles of tobacco leaves and bowls of colourful spices, striped awning. isometric 2D video game asset, true 2:1 dimetric view (looking down at 30 degrees), hand-painted cel-shaded look with clean dark-brown outlines and soft saturated colours, light coming from the top left, no cast shadow on the ground, one single object centred, plain flat magenta background (#FF00FF) with nothing else in the picture, no text, no watermark, no frame, setting: European colonial trading settlement around the year 1500;text, letters, logo, watermark, frame, border, multiple objects, people in the foreground, perspective distortion, fisheye, photo realism, 3D render, cast shadow, gradient background, cropped object, blurry
lamp_oil_stand;Marktstände;buildings/lamp_oil_stand.png;128x128;1x1;small market stall with oil lamps and clay oil jugs, striped awning;small market stall with oil lamps and clay oil jugs, striped awning. isometric 2D video game asset, true 2:1 dimetric view (looking down at 30 degrees), hand-painted cel-shaded look with clean dark-brown outlines and soft saturated colours, light coming from the top left, no cast shadow on the ground, one single object centred, plain flat magenta background (#FF00FF) with nothing else in the picture, no text, no watermark, no frame, setting: European colonial trading settlement around the year 1500;text, letters, logo, watermark, frame, border, multiple objects, people in the foreground, perspective distortion, fisheye, photo realism, 3D render, cast shadow, gradient background, cropped object, blurry
jewelry_stand;Marktstände;buildings/jewelry_stand.png;128x128;1x1;small elegant market stall with a velvet display of necklaces, rings and gems, fine awning;small elegant market stall with a velvet display of necklaces, rings and gems, fine awning. isometric 2D video game asset, true 2:1 dimetric view (looking down at 30 degrees), hand-painted cel-shaded look with clean dark-brown outlines and soft saturated colours, light coming from the top left, no cast shadow on the ground, one single object centred, plain flat magenta background (#FF00FF) with nothing else in the picture, no text, no watermark, no frame, setting: European colonial trading settlement around the year 1500;text, letters, logo, watermark, frame, border, multiple objects, people in the foreground, perspective distortion, fisheye, photo realism, 3D render, cast shadow, gradient background, cropped object, blurry
chapel;Öffentliche Gebäude;buildings/chapel.png;448x384;3x4;small stone chapel with a slate roof and a little bell tower;small stone chapel with a slate roof and a little bell tower. isometric 2D video game asset, true 2:1 dimetric view (looking down at 30 degrees), hand-painted cel-shaded look with clean dark-brown outlines and soft saturated colours, light coming from the top left, no cast shadow on the ground, one single object centred, plain flat magenta background (#FF00FF) with nothing else in the picture, no text, no watermark, no frame, setting: European colonial trading settlement around the year 1500;text, letters, logo, watermark, frame, border, multiple objects, people in the foreground, perspective distortion, fisheye, photo realism, 3D render, cast shadow, gradient background, cropped object, blurry
tavern;Öffentliche Gebäude;buildings/tavern.png;448x384;3x4;large timber inn with a hanging tankard sign, warm lit windows and barrels by the door;large timber inn with a hanging tankard sign, warm lit windows and barrels by the door. isometric 2D video game asset, true 2:1 dimetric view (looking down at 30 degrees), hand-painted cel-shaded look with clean dark-brown outlines and soft saturated colours, light coming from the top left, no cast shadow on the ground, one single object centred, plain flat magenta background (#FF00FF) with nothing else in the picture, no text, no watermark, no frame, setting: European colonial trading settlement around the year 1500;text, letters, logo, watermark, frame, border, multiple objects, people in the foreground, perspective distortion, fisheye, photo realism, 3D render, cast shadow, gradient background, cropped object, blurry
church;Öffentliche Gebäude;buildings/church.png;832x640;7x6;large stone church with a tall steeple, long nave, buttresses and a round rose window;large stone church with a tall steeple, long nave, buttresses and a round rose window. isometric 2D video game asset, true 2:1 dimetric view (looking down at 30 degrees), hand-painted cel-shaded look with clean dark-brown outlines and soft saturated colours, light coming from the top left, no cast shadow on the ground, one single object centred, plain flat magenta background (#FF00FF) with nothing else in the picture, no text, no watermark, no frame, setting: European colonial trading settlement around the year 1500;text, letters, logo, watermark, frame, border, multiple objects, people in the foreground, perspective distortion, fisheye, photo realism, 3D render, cast shadow, gradient background, cropped object, blurry
bathhouse;Öffentliche Gebäude;buildings/bathhouse.png;704x512;6x5;bathhouse in classical style with a domed roof, columns, steam rising and a pool courtyard;bathhouse in classical style with a domed roof, columns, steam rising and a pool courtyard. isometric 2D video game asset, true 2:1 dimetric view (looking down at 30 degrees), hand-painted cel-shaded look with clean dark-brown outlines and soft saturated colours, light coming from the top left, no cast shadow on the ground, one single object centred, plain flat magenta background (#FF00FF) with nothing else in the picture, no text, no watermark, no frame, setting: European colonial trading settlement around the year 1500;text, letters, logo, watermark, frame, border, multiple objects, people in the foreground, perspective distortion, fisheye, photo realism, 3D render, cast shadow, gradient background, cropped object, blurry
theater;Öffentliche Gebäude;buildings/theater.png;832x608;6x7;renaissance theatre with a half-round arena building, decorated facade, banners and stairs;renaissance theatre with a half-round arena building, decorated facade, banners and stairs. isometric 2D video game asset, true 2:1 dimetric view (looking down at 30 degrees), hand-painted cel-shaded look with clean dark-brown outlines and soft saturated colours, light coming from the top left, no cast shadow on the ground, one single object centred, plain flat magenta background (#FF00FF) with nothing else in the picture, no text, no watermark, no frame, setting: European colonial trading settlement around the year 1500;text, letters, logo, watermark, frame, border, multiple objects, people in the foreground, perspective distortion, fisheye, photo realism, 3D render, cast shadow, gradient background, cropped object, blurry
cathedral;Öffentliche Gebäude;buildings/cathedral.png;896x736;8x6;grand gothic cathedral with two tall towers, flying buttresses, stained glass windows;grand gothic cathedral with two tall towers, flying buttresses, stained glass windows. isometric 2D video game asset, true 2:1 dimetric view (looking down at 30 degrees), hand-painted cel-shaded look with clean dark-brown outlines and soft saturated colours, light coming from the top left, no cast shadow on the ground, one single object centred, plain flat magenta background (#FF00FF) with nothing else in the picture, no text, no watermark, no frame, setting: European colonial trading settlement around the year 1500;text, letters, logo, watermark, frame, border, multiple objects, people in the foreground, perspective distortion, fisheye, photo realism, 3D render, cast shadow, gradient background, cropped object, blurry
forester;Produktionsbetriebe;buildings/forester.png;256x224;2x2;forester's lodge: log cabin with stacked firewood, a saw and an axe in a stump;forester's lodge: log cabin with stacked firewood, a saw and an axe in a stump. isometric 2D video game asset, true 2:1 dimetric view (looking down at 30 degrees), hand-painted cel-shaded look with clean dark-brown outlines and soft saturated colours, light coming from the top left, no cast shadow on the ground, one single object centred, plain flat magenta background (#FF00FF) with nothing else in the picture, no text, no watermark, no frame, setting: European colonial trading settlement around the year 1500;text, letters, logo, watermark, frame, border, multiple objects, people in the foreground, perspective distortion, fisheye, photo realism, 3D render, cast shadow, gradient background, cropped object, blurry
quarry;Produktionsbetriebe;buildings/quarry.png;256x240;2x2;stone quarry cut into a rocky slope with stone blocks and a wooden crane;stone quarry cut into a rocky slope with stone blocks and a wooden crane. isometric 2D video game asset, true 2:1 dimetric view (looking down at 30 degrees), hand-painted cel-shaded look with clean dark-brown outlines and soft saturated colours, light coming from the top left, no cast shadow on the ground, one single object centred, plain flat magenta background (#FF00FF) with nothing else in the picture, no text, no watermark, no frame, setting: European colonial trading settlement around the year 1500;text, letters, logo, watermark, frame, border, multiple objects, people in the foreground, perspective distortion, fisheye, photo realism, 3D render, cast shadow, gradient background, cropped object, blurry
ore_mine;Produktionsbetriebe;buildings/ore_mine.png;256x224;2x2;mine entrance with timber supports, an ore cart on rails and a heap of rubble;mine entrance with timber supports, an ore cart on rails and a heap of rubble. isometric 2D video game asset, true 2:1 dimetric view (looking down at 30 degrees), hand-painted cel-shaded look with clean dark-brown outlines and soft saturated colours, light coming from the top left, no cast shadow on the ground, one single object centred, plain flat magenta background (#FF00FF) with nothing else in the picture, no text, no watermark, no frame, setting: European colonial trading settlement around the year 1500;text, letters, logo, watermark, frame, border, multiple objects, people in the foreground, perspective distortion, fisheye, photo realism, 3D render, cast shadow, gradient background, cropped object, blurry
weaver;Produktionsbetriebe;buildings/weaver.png;256x240;2x2;weaver's workshop with a big wooden loom visible, cloth drying on frames;weaver's workshop with a big wooden loom visible, cloth drying on frames. isometric 2D video game asset, true 2:1 dimetric view (looking down at 30 degrees), hand-painted cel-shaded look with clean dark-brown outlines and soft saturated colours, light coming from the top left, no cast shadow on the ground, one single object centred, plain flat magenta background (#FF00FF) with nothing else in the picture, no text, no watermark, no frame, setting: European colonial trading settlement around the year 1500;text, letters, logo, watermark, frame, border, multiple objects, people in the foreground, perspective distortion, fisheye, photo realism, 3D render, cast shadow, gradient background, cropped object, blurry
sheep_farm;Produktionsbetriebe;buildings/sheep_farm.png;256x224;2x2;sheep farm: small barn with a fenced pasture and woolly sheep;sheep farm: small barn with a fenced pasture and woolly sheep. isometric 2D video game asset, true 2:1 dimetric view (looking down at 30 degrees), hand-painted cel-shaded look with clean dark-brown outlines and soft saturated colours, light coming from the top left, no cast shadow on the ground, one single object centred, plain flat magenta background (#FF00FF) with nothing else in the picture, no text, no watermark, no frame, setting: European colonial trading settlement around the year 1500;text, letters, logo, watermark, frame, border, multiple objects, people in the foreground, perspective distortion, fisheye, photo realism, 3D render, cast shadow, gradient background, cropped object, blurry
cotton_plantation;Produktionsbetriebe;buildings/cotton_plantation.png;256x208;2x2;cotton field with rows of plants with white cotton bolls and a small storage shed;cotton field with rows of plants with white cotton bolls and a small storage shed. isometric 2D video game asset, true 2:1 dimetric view (looking down at 30 degrees), hand-painted cel-shaded look with clean dark-brown outlines and soft saturated colours, light coming from the top left, no cast shadow on the ground, one single object centred, plain flat magenta background (#FF00FF) with nothing else in the picture, no text, no watermark, no frame, setting: European colonial trading settlement around the year 1500;text, letters, logo, watermark, frame, border, multiple objects, people in the foreground, perspective distortion, fisheye, photo realism, 3D render, cast shadow, gradient background, cropped object, blurry
fishery;Produktionsbetriebe;buildings/fishery.png;256x224;2x2;fisherman's hut on the shore with drying racks of fish, nets and a small rowing boat;fisherman's hut on the shore with drying racks of fish, nets and a small rowing boat. isometric 2D video game asset, true 2:1 dimetric view (looking down at 30 degrees), hand-painted cel-shaded look with clean dark-brown outlines and soft saturated colours, light coming from the top left, no cast shadow on the ground, one single object centred, plain flat magenta background (#FF00FF) with nothing else in the picture, no text, no watermark, no frame, setting: European colonial trading settlement around the year 1500;text, letters, logo, watermark, frame, border, multiple objects, people in the foreground, perspective distortion, fisheye, photo realism, 3D render, cast shadow, gradient background, cropped object, blurry
grain_farm;Produktionsbetriebe;buildings/grain_farm.png;256x224;2x2;farmhouse with golden wheat fields around it and haystacks;farmhouse with golden wheat fields around it and haystacks. isometric 2D video game asset, true 2:1 dimetric view (looking down at 30 degrees), hand-painted cel-shaded look with clean dark-brown outlines and soft saturated colours, light coming from the top left, no cast shadow on the ground, one single object centred, plain flat magenta background (#FF00FF) with nothing else in the picture, no text, no watermark, no frame, setting: European colonial trading settlement around the year 1500;text, letters, logo, watermark, frame, border, multiple objects, people in the foreground, perspective distortion, fisheye, photo realism, 3D render, cast shadow, gradient background, cropped object, blurry
mill;Produktionsbetriebe;buildings/mill.png;256x272;2x2;windmill with a timber tower, four sails and flour sacks at the door;windmill with a timber tower, four sails and flour sacks at the door. isometric 2D video game asset, true 2:1 dimetric view (looking down at 30 degrees), hand-painted cel-shaded look with clean dark-brown outlines and soft saturated colours, light coming from the top left, no cast shadow on the ground, one single object centred, plain flat magenta background (#FF00FF) with nothing else in the picture, no text, no watermark, no frame, setting: European colonial trading settlement around the year 1500;text, letters, logo, watermark, frame, border, multiple objects, people in the foreground, perspective distortion, fisheye, photo realism, 3D render, cast shadow, gradient background, cropped object, blurry
bakery;Produktionsbetriebe;buildings/bakery.png;256x240;2x2;bakery with a brick oven, chimney with smoke, loaves of bread in the window;bakery with a brick oven, chimney with smoke, loaves of bread in the window. isometric 2D video game asset, true 2:1 dimetric view (looking down at 30 degrees), hand-painted cel-shaded look with clean dark-brown outlines and soft saturated colours, light coming from the top left, no cast shadow on the ground, one single object centred, plain flat magenta background (#FF00FF) with nothing else in the picture, no text, no watermark, no frame, setting: European colonial trading settlement around the year 1500;text, letters, logo, watermark, frame, border, multiple objects, people in the foreground, perspective distortion, fisheye, photo realism, 3D render, cast shadow, gradient background, cropped object, blurry
stonemason;Produktionsbetriebe;buildings/stonemason.png;256x224;2x2;stonemason's yard with cut stone blocks, chisels and a small workshop;stonemason's yard with cut stone blocks, chisels and a small workshop. isometric 2D video game asset, true 2:1 dimetric view (looking down at 30 degrees), hand-painted cel-shaded look with clean dark-brown outlines and soft saturated colours, light coming from the top left, no cast shadow on the ground, one single object centred, plain flat magenta background (#FF00FF) with nothing else in the picture, no text, no watermark, no frame, setting: European colonial trading settlement around the year 1500;text, letters, logo, watermark, frame, border, multiple objects, people in the foreground, perspective distortion, fisheye, photo realism, 3D render, cast shadow, gradient background, cropped object, blurry
smelter;Produktionsbetriebe;buildings/smelter.png;256x272;2x2;ironworks smelter with a brick furnace, tall chimney with smoke and glowing molten metal;ironworks smelter with a brick furnace, tall chimney with smoke and glowing molten metal. isometric 2D video game asset, true 2:1 dimetric view (looking down at 30 degrees), hand-painted cel-shaded look with clean dark-brown outlines and soft saturated colours, light coming from the top left, no cast shadow on the ground, one single object centred, plain flat magenta background (#FF00FF) with nothing else in the picture, no text, no watermark, no frame, setting: European colonial trading settlement around the year 1500;text, letters, logo, watermark, frame, border, multiple objects, people in the foreground, perspective distortion, fisheye, photo realism, 3D render, cast shadow, gradient background, cropped object, blurry
toolmaker;Produktionsbetriebe;buildings/toolmaker.png;256x240;2x2;tool smithy with an anvil, hammers and tools hanging on the wall, forge glow;tool smithy with an anvil, hammers and tools hanging on the wall, forge glow. isometric 2D video game asset, true 2:1 dimetric view (looking down at 30 degrees), hand-painted cel-shaded look with clean dark-brown outlines and soft saturated colours, light coming from the top left, no cast shadow on the ground, one single object centred, plain flat magenta background (#FF00FF) with nothing else in the picture, no text, no watermark, no frame, setting: European colonial trading settlement around the year 1500;text, letters, logo, watermark, frame, border, multiple objects, people in the foreground, perspective distortion, fisheye, photo realism, 3D render, cast shadow, gradient background, cropped object, blurry
salt_mine;Produktionsbetriebe;buildings/salt_mine.png;256x224;2x2;salt mine with piles of white crystals, a wooden hoist and barrels;salt mine with piles of white crystals, a wooden hoist and barrels. isometric 2D video game asset, true 2:1 dimetric view (looking down at 30 degrees), hand-painted cel-shaded look with clean dark-brown outlines and soft saturated colours, light coming from the top left, no cast shadow on the ground, one single object centred, plain flat magenta background (#FF00FF) with nothing else in the picture, no text, no watermark, no frame, setting: European colonial trading settlement around the year 1500;text, letters, logo, watermark, frame, border, multiple objects, people in the foreground, perspective distortion, fisheye, photo realism, 3D render, cast shadow, gradient background, cropped object, blurry
potato_farm;Produktionsbetriebe;buildings/potato_farm.png;256x208;2x2;potato farm with ploughed ridged fields and a small barn;potato farm with ploughed ridged fields and a small barn. isometric 2D video game asset, true 2:1 dimetric view (looking down at 30 degrees), hand-painted cel-shaded look with clean dark-brown outlines and soft saturated colours, light coming from the top left, no cast shadow on the ground, one single object centred, plain flat magenta background (#FF00FF) with nothing else in the picture, no text, no watermark, no frame, setting: European colonial trading settlement around the year 1500;text, letters, logo, watermark, frame, border, multiple objects, people in the foreground, perspective distortion, fisheye, photo realism, 3D render, cast shadow, gradient background, cropped object, blurry
distillery;Produktionsbetriebe;buildings/distillery.png;256x240;2x2;distillery with a copper still, oak barrels and a brick building;distillery with a copper still, oak barrels and a brick building. isometric 2D video game asset, true 2:1 dimetric view (looking down at 30 degrees), hand-painted cel-shaded look with clean dark-brown outlines and soft saturated colours, light coming from the top left, no cast shadow on the ground, one single object centred, plain flat magenta background (#FF00FF) with nothing else in the picture, no text, no watermark, no frame, setting: European colonial trading settlement around the year 1500;text, letters, logo, watermark, frame, border, multiple objects, people in the foreground, perspective distortion, fisheye, photo realism, 3D render, cast shadow, gradient background, cropped object, blurry
hops_farm;Produktionsbetriebe;buildings/hops_farm.png;256x240;2x2;hop yard with tall poles and green hop vines and a drying barn;hop yard with tall poles and green hop vines and a drying barn. isometric 2D video game asset, true 2:1 dimetric view (looking down at 30 degrees), hand-painted cel-shaded look with clean dark-brown outlines and soft saturated colours, light coming from the top left, no cast shadow on the ground, one single object centred, plain flat magenta background (#FF00FF) with nothing else in the picture, no text, no watermark, no frame, setting: European colonial trading settlement around the year 1500;text, letters, logo, watermark, frame, border, multiple objects, people in the foreground, perspective distortion, fisheye, photo realism, 3D render, cast shadow, gradient background, cropped object, blurry
sugar_plantation;Produktionsbetriebe;buildings/sugar_plantation.png;256x224;2x2;sugar cane plantation with tall green cane and a press shed;sugar cane plantation with tall green cane and a press shed. isometric 2D video game asset, true 2:1 dimetric view (looking down at 30 degrees), hand-painted cel-shaded look with clean dark-brown outlines and soft saturated colours, light coming from the top left, no cast shadow on the ground, one single object centred, plain flat magenta background (#FF00FF) with nothing else in the picture, no text, no watermark, no frame, setting: European colonial trading settlement around the year 1500;text, letters, logo, watermark, frame, border, multiple objects, people in the foreground, perspective distortion, fisheye, photo realism, 3D render, cast shadow, gradient background, cropped object, blurry
cattle_farm;Produktionsbetriebe;buildings/cattle_farm.png;256x224;2x2;cattle farm with a barn, a fenced paddock and brown cows;cattle farm with a barn, a fenced paddock and brown cows. isometric 2D video game asset, true 2:1 dimetric view (looking down at 30 degrees), hand-painted cel-shaded look with clean dark-brown outlines and soft saturated colours, light coming from the top left, no cast shadow on the ground, one single object centred, plain flat magenta background (#FF00FF) with nothing else in the picture, no text, no watermark, no frame, setting: European colonial trading settlement around the year 1500;text, letters, logo, watermark, frame, border, multiple objects, people in the foreground, perspective distortion, fisheye, photo realism, 3D render, cast shadow, gradient background, cropped object, blurry
tannery;Produktionsbetriebe;buildings/tannery.png;256x224;2x2;tannery with hides stretched on frames and wooden tanning vats;tannery with hides stretched on frames and wooden tanning vats. isometric 2D video game asset, true 2:1 dimetric view (looking down at 30 degrees), hand-painted cel-shaded look with clean dark-brown outlines and soft saturated colours, light coming from the top left, no cast shadow on the ground, one single object centred, plain flat magenta background (#FF00FF) with nothing else in the picture, no text, no watermark, no frame, setting: European colonial trading settlement around the year 1500;text, letters, logo, watermark, frame, border, multiple objects, people in the foreground, perspective distortion, fisheye, photo realism, 3D render, cast shadow, gradient background, cropped object, blurry
tobacco_plantation;Produktionsbetriebe;buildings/tobacco_plantation.png;256x224;2x2;tobacco plantation with broad-leaf plants and a drying barn;tobacco plantation with broad-leaf plants and a drying barn. isometric 2D video game asset, true 2:1 dimetric view (looking down at 30 degrees), hand-painted cel-shaded look with clean dark-brown outlines and soft saturated colours, light coming from the top left, no cast shadow on the ground, one single object centred, plain flat magenta background (#FF00FF) with nothing else in the picture, no text, no watermark, no frame, setting: European colonial trading settlement around the year 1500;text, letters, logo, watermark, frame, border, multiple objects, people in the foreground, perspective distortion, fisheye, photo realism, 3D render, cast shadow, gradient background, cropped object, blurry
tobacco_factory;Produktionsbetriebe;buildings/tobacco_factory.png;256x240;2x2;tobacco manufactory: workshop with hanging leaves and rolling tables;tobacco manufactory: workshop with hanging leaves and rolling tables. isometric 2D video game asset, true 2:1 dimetric view (looking down at 30 degrees), hand-painted cel-shaded look with clean dark-brown outlines and soft saturated colours, light coming from the top left, no cast shadow on the ground, one single object centred, plain flat magenta background (#FF00FF) with nothing else in the picture, no text, no watermark, no frame, setting: European colonial trading settlement around the year 1500;text, letters, logo, watermark, frame, border, multiple objects, people in the foreground, perspective distortion, fisheye, photo realism, 3D render, cast shadow, gradient background, cropped object, blurry
spice_plantation;Produktionsbetriebe;buildings/spice_plantation.png;256x224;2x2;spice plantation with pepper vines on poles and colourful sacks of spices;spice plantation with pepper vines on poles and colourful sacks of spices. isometric 2D video game asset, true 2:1 dimetric view (looking down at 30 degrees), hand-painted cel-shaded look with clean dark-brown outlines and soft saturated colours, light coming from the top left, no cast shadow on the ground, one single object centred, plain flat magenta background (#FF00FF) with nothing else in the picture, no text, no watermark, no frame, setting: European colonial trading settlement around the year 1500;text, letters, logo, watermark, frame, border, multiple objects, people in the foreground, perspective distortion, fisheye, photo realism, 3D render, cast shadow, gradient background, cropped object, blurry
silk_plantation;Produktionsbetriebe;buildings/silk_plantation.png;256x224;2x2;silk farm with mulberry trees, silkworm sheds and white cocoons;silk farm with mulberry trees, silkworm sheds and white cocoons. isometric 2D video game asset, true 2:1 dimetric view (looking down at 30 degrees), hand-painted cel-shaded look with clean dark-brown outlines and soft saturated colours, light coming from the top left, no cast shadow on the ground, one single object centred, plain flat magenta background (#FF00FF) with nothing else in the picture, no text, no watermark, no frame, setting: European colonial trading settlement around the year 1500;text, letters, logo, watermark, frame, border, multiple objects, people in the foreground, perspective distortion, fisheye, photo realism, 3D render, cast shadow, gradient background, cropped object, blurry
indigo_farm;Produktionsbetriebe;buildings/indigo_farm.png;256x208;2x2;indigo farm with blue-green plants and blue dye vats;indigo farm with blue-green plants and blue dye vats. isometric 2D video game asset, true 2:1 dimetric view (looking down at 30 degrees), hand-painted cel-shaded look with clean dark-brown outlines and soft saturated colours, light coming from the top left, no cast shadow on the ground, one single object centred, plain flat magenta background (#FF00FF) with nothing else in the picture, no text, no watermark, no frame, setting: European colonial trading settlement around the year 1500;text, letters, logo, watermark, frame, border, multiple objects, people in the foreground, perspective distortion, fisheye, photo realism, 3D render, cast shadow, gradient background, cropped object, blurry
dyer;Produktionsbetriebe;buildings/dyer.png;256x240;2x2;dyer's workshop with colourful blue and purple cloths drying on lines and dye vats;dyer's workshop with colourful blue and purple cloths drying on lines and dye vats. isometric 2D video game asset, true 2:1 dimetric view (looking down at 30 degrees), hand-painted cel-shaded look with clean dark-brown outlines and soft saturated colours, light coming from the top left, no cast shadow on the ground, one single object centred, plain flat magenta background (#FF00FF) with nothing else in the picture, no text, no watermark, no frame, setting: European colonial trading settlement around the year 1500;text, letters, logo, watermark, frame, border, multiple objects, people in the foreground, perspective distortion, fisheye, photo realism, 3D render, cast shadow, gradient background, cropped object, blurry
whaler;Produktionsbetriebe;buildings/whaler.png;256x240;2x2;whaling station on a cold shore with a whale-bone arch, boiling barrels and a harpoon boat;whaling station on a cold shore with a whale-bone arch, boiling barrels and a harpoon boat. isometric 2D video game asset, true 2:1 dimetric view (looking down at 30 degrees), hand-painted cel-shaded look with clean dark-brown outlines and soft saturated colours, light coming from the top left, no cast shadow on the ground, one single object centred, plain flat magenta background (#FF00FF) with nothing else in the picture, no text, no watermark, no frame, setting: European colonial trading settlement around the year 1500;text, letters, logo, watermark, frame, border, multiple objects, people in the foreground, perspective distortion, fisheye, photo realism, 3D render, cast shadow, gradient background, cropped object, blurry
oil_boiler;Produktionsbetriebe;buildings/oil_boiler.png;256x240;2x2;oil boilery with big iron cauldrons, barrels, dark brick walls and smoke;oil boilery with big iron cauldrons, barrels, dark brick walls and smoke. isometric 2D video game asset, true 2:1 dimetric view (looking down at 30 degrees), hand-painted cel-shaded look with clean dark-brown outlines and soft saturated colours, light coming from the top left, no cast shadow on the ground, one single object centred, plain flat magenta background (#FF00FF) with nothing else in the picture, no text, no watermark, no frame, setting: European colonial trading settlement around the year 1500;text, letters, logo, watermark, frame, border, multiple objects, people in the foreground, perspective distortion, fisheye, photo realism, 3D render, cast shadow, gradient background, cropped object, blurry
vineyard;Produktionsbetriebe;buildings/vineyard.png;256x224;2x2;vineyard with terraced rows of grape vines and a small press house;vineyard with terraced rows of grape vines and a small press house. isometric 2D video game asset, true 2:1 dimetric view (looking down at 30 degrees), hand-painted cel-shaded look with clean dark-brown outlines and soft saturated colours, light coming from the top left, no cast shadow on the ground, one single object centred, plain flat magenta background (#FF00FF) with nothing else in the picture, no text, no watermark, no frame, setting: European colonial trading settlement around the year 1500;text, letters, logo, watermark, frame, border, multiple objects, people in the foreground, perspective distortion, fisheye, photo realism, 3D render, cast shadow, gradient background, cropped object, blurry
winery;Produktionsbetriebe;buildings/winery.png;256x240;2x2;winery with big wooden presses and wine barrels in a stone building;winery with big wooden presses and wine barrels in a stone building. isometric 2D video game asset, true 2:1 dimetric view (looking down at 30 degrees), hand-painted cel-shaded look with clean dark-brown outlines and soft saturated colours, light coming from the top left, no cast shadow on the ground, one single object centred, plain flat magenta background (#FF00FF) with nothing else in the picture, no text, no watermark, no frame, setting: European colonial trading settlement around the year 1500;text, letters, logo, watermark, frame, border, multiple objects, people in the foreground, perspective distortion, fisheye, photo realism, 3D render, cast shadow, gradient background, cropped object, blurry
gold_mine;Produktionsbetriebe;buildings/gold_mine.png;256x224;2x2;gold mine entrance with timber supports, carts full of gold ore and gleaming nuggets;gold mine entrance with timber supports, carts full of gold ore and gleaming nuggets. isometric 2D video game asset, true 2:1 dimetric view (looking down at 30 degrees), hand-painted cel-shaded look with clean dark-brown outlines and soft saturated colours, light coming from the top left, no cast shadow on the ground, one single object centred, plain flat magenta background (#FF00FF) with nothing else in the picture, no text, no watermark, no frame, setting: European colonial trading settlement around the year 1500;text, letters, logo, watermark, frame, border, multiple objects, people in the foreground, perspective distortion, fisheye, photo realism, 3D render, cast shadow, gradient background, cropped object, blurry
gem_mine;Produktionsbetriebe;buildings/gem_mine.png;256x224;2x2;gemstone mine with blue and red crystals and a timber entrance;gemstone mine with blue and red crystals and a timber entrance. isometric 2D video game asset, true 2:1 dimetric view (looking down at 30 degrees), hand-painted cel-shaded look with clean dark-brown outlines and soft saturated colours, light coming from the top left, no cast shadow on the ground, one single object centred, plain flat magenta background (#FF00FF) with nothing else in the picture, no text, no watermark, no frame, setting: European colonial trading settlement around the year 1500;text, letters, logo, watermark, frame, border, multiple objects, people in the foreground, perspective distortion, fisheye, photo realism, 3D render, cast shadow, gradient background, cropped object, blurry
goldsmith;Produktionsbetriebe;buildings/goldsmith.png;256x240;2x2;goldsmith's workshop with a display of gold jewellery and a small furnace;goldsmith's workshop with a display of gold jewellery and a small furnace. isometric 2D video game asset, true 2:1 dimetric view (looking down at 30 degrees), hand-painted cel-shaded look with clean dark-brown outlines and soft saturated colours, light coming from the top left, no cast shadow on the ground, one single object centred, plain flat magenta background (#FF00FF) with nothing else in the picture, no text, no watermark, no frame, setting: European colonial trading settlement around the year 1500;text, letters, logo, watermark, frame, border, multiple objects, people in the foreground, perspective distortion, fisheye, photo realism, 3D render, cast shadow, gradient background, cropped object, blurry
kontor;Infrastruktur;buildings/kontor.png;256x256;2x2;harbour trading post: wooden warehouse on a short pier with crates, barrels and a flag;harbour trading post: wooden warehouse on a short pier with crates, barrels and a flag. isometric 2D video game asset, true 2:1 dimetric view (looking down at 30 degrees), hand-painted cel-shaded look with clean dark-brown outlines and soft saturated colours, light coming from the top left, no cast shadow on the ground, one single object centred, plain flat magenta background (#FF00FF) with nothing else in the picture, no text, no watermark, no frame, setting: European colonial trading settlement around the year 1500;text, letters, logo, watermark, frame, border, multiple objects, people in the foreground, perspective distortion, fisheye, photo realism, 3D render, cast shadow, gradient background, cropped object, blurry
market_house;Infrastruktur;buildings/market_house.png;256x240;2x2;market house: open-sided hall with arches, goods on tables and a flag;market house: open-sided hall with arches, goods on tables and a flag. isometric 2D video game asset, true 2:1 dimetric view (looking down at 30 degrees), hand-painted cel-shaded look with clean dark-brown outlines and soft saturated colours, light coming from the top left, no cast shadow on the ground, one single object centred, plain flat magenta background (#FF00FF) with nothing else in the picture, no text, no watermark, no frame, setting: European colonial trading settlement around the year 1500;text, letters, logo, watermark, frame, border, multiple objects, people in the foreground, perspective distortion, fisheye, photo realism, 3D render, cast shadow, gradient background, cropped object, blurry
shipyard;Infrastruktur;buildings/shipyard.png;384x352;3x3;shipyard with a slipway, a half-built wooden ship hull and a crane;shipyard with a slipway, a half-built wooden ship hull and a crane. isometric 2D video game asset, true 2:1 dimetric view (looking down at 30 degrees), hand-painted cel-shaded look with clean dark-brown outlines and soft saturated colours, light coming from the top left, no cast shadow on the ground, one single object centred, plain flat magenta background (#FF00FF) with nothing else in the picture, no text, no watermark, no frame, setting: European colonial trading settlement around the year 1500;text, letters, logo, watermark, frame, border, multiple objects, people in the foreground, perspective distortion, fisheye, photo realism, 3D render, cast shadow, gradient background, cropped object, blurry
water_1;Gelände;terrain/water_1.png;128x64;1x1 Kachel;calm blue sea water surface with gentle light ripples, tileable, variant 1 of 4;calm blue sea water surface with gentle light ripples, tileable, variant 1 of 4. isometric 2D video game asset, true 2:1 dimetric view (looking down at 30 degrees), hand-painted cel-shaded look with clean dark-brown outlines and soft saturated colours, light coming from the top left, no cast shadow on the ground, one single object centred, plain flat magenta background (#FF00FF) with nothing else in the picture, no text, no watermark, no frame, setting: European colonial trading settlement around the year 1500;text, letters, logo, watermark, frame, border, multiple objects, people in the foreground, perspective distortion, fisheye, photo realism, 3D render, cast shadow, gradient background, cropped object, blurry
water_2;Gelände;terrain/water_2.png;128x64;1x1 Kachel;calm blue sea water surface with gentle light ripples, tileable, variant 2 of 4;calm blue sea water surface with gentle light ripples, tileable, variant 2 of 4. isometric 2D video game asset, true 2:1 dimetric view (looking down at 30 degrees), hand-painted cel-shaded look with clean dark-brown outlines and soft saturated colours, light coming from the top left, no cast shadow on the ground, one single object centred, plain flat magenta background (#FF00FF) with nothing else in the picture, no text, no watermark, no frame, setting: European colonial trading settlement around the year 1500;text, letters, logo, watermark, frame, border, multiple objects, people in the foreground, perspective distortion, fisheye, photo realism, 3D render, cast shadow, gradient background, cropped object, blurry
water_3;Gelände;terrain/water_3.png;128x64;1x1 Kachel;calm blue sea water surface with gentle light ripples, tileable, variant 3 of 4;calm blue sea water surface with gentle light ripples, tileable, variant 3 of 4. isometric 2D video game asset, true 2:1 dimetric view (looking down at 30 degrees), hand-painted cel-shaded look with clean dark-brown outlines and soft saturated colours, light coming from the top left, no cast shadow on the ground, one single object centred, plain flat magenta background (#FF00FF) with nothing else in the picture, no text, no watermark, no frame, setting: European colonial trading settlement around the year 1500;text, letters, logo, watermark, frame, border, multiple objects, people in the foreground, perspective distortion, fisheye, photo realism, 3D render, cast shadow, gradient background, cropped object, blurry
water_4;Gelände;terrain/water_4.png;128x64;1x1 Kachel;calm blue sea water surface with gentle light ripples, tileable, variant 4 of 4;calm blue sea water surface with gentle light ripples, tileable, variant 4 of 4. isometric 2D video game asset, true 2:1 dimetric view (looking down at 30 degrees), hand-painted cel-shaded look with clean dark-brown outlines and soft saturated colours, light coming from the top left, no cast shadow on the ground, one single object centred, plain flat magenta background (#FF00FF) with nothing else in the picture, no text, no watermark, no frame, setting: European colonial trading settlement around the year 1500;text, letters, logo, watermark, frame, border, multiple objects, people in the foreground, perspective distortion, fisheye, photo realism, 3D render, cast shadow, gradient background, cropped object, blurry
beach_1;Gelände;terrain/beach_1.png;128x64;1x1 Kachel;pale sand with a few pebbles and shells, tileable, variant 1 of 3;pale sand with a few pebbles and shells, tileable, variant 1 of 3. isometric 2D video game asset, true 2:1 dimetric view (looking down at 30 degrees), hand-painted cel-shaded look with clean dark-brown outlines and soft saturated colours, light coming from the top left, no cast shadow on the ground, one single object centred, plain flat magenta background (#FF00FF) with nothing else in the picture, no text, no watermark, no frame, setting: European colonial trading settlement around the year 1500;text, letters, logo, watermark, frame, border, multiple objects, people in the foreground, perspective distortion, fisheye, photo realism, 3D render, cast shadow, gradient background, cropped object, blurry
beach_2;Gelände;terrain/beach_2.png;128x64;1x1 Kachel;pale sand with a few pebbles and shells, tileable, variant 2 of 3;pale sand with a few pebbles and shells, tileable, variant 2 of 3. isometric 2D video game asset, true 2:1 dimetric view (looking down at 30 degrees), hand-painted cel-shaded look with clean dark-brown outlines and soft saturated colours, light coming from the top left, no cast shadow on the ground, one single object centred, plain flat magenta background (#FF00FF) with nothing else in the picture, no text, no watermark, no frame, setting: European colonial trading settlement around the year 1500;text, letters, logo, watermark, frame, border, multiple objects, people in the foreground, perspective distortion, fisheye, photo realism, 3D render, cast shadow, gradient background, cropped object, blurry
beach_3;Gelände;terrain/beach_3.png;128x64;1x1 Kachel;pale sand with a few pebbles and shells, tileable, variant 3 of 3;pale sand with a few pebbles and shells, tileable, variant 3 of 3. isometric 2D video game asset, true 2:1 dimetric view (looking down at 30 degrees), hand-painted cel-shaded look with clean dark-brown outlines and soft saturated colours, light coming from the top left, no cast shadow on the ground, one single object centred, plain flat magenta background (#FF00FF) with nothing else in the picture, no text, no watermark, no frame, setting: European colonial trading settlement around the year 1500;text, letters, logo, watermark, frame, border, multiple objects, people in the foreground, perspective distortion, fisheye, photo realism, 3D render, cast shadow, gradient background, cropped object, blurry
grass_1;Gelände;terrain/grass_1.png;128x64;1x1 Kachel;lush green meadow with small flowers and tufts, tileable, variant 1 of 4;lush green meadow with small flowers and tufts, tileable, variant 1 of 4. isometric 2D video game asset, true 2:1 dimetric view (looking down at 30 degrees), hand-painted cel-shaded look with clean dark-brown outlines and soft saturated colours, light coming from the top left, no cast shadow on the ground, one single object centred, plain flat magenta background (#FF00FF) with nothing else in the picture, no text, no watermark, no frame, setting: European colonial trading settlement around the year 1500;text, letters, logo, watermark, frame, border, multiple objects, people in the foreground, perspective distortion, fisheye, photo realism, 3D render, cast shadow, gradient background, cropped object, blurry
grass_2;Gelände;terrain/grass_2.png;128x64;1x1 Kachel;lush green meadow with small flowers and tufts, tileable, variant 2 of 4;lush green meadow with small flowers and tufts, tileable, variant 2 of 4. isometric 2D video game asset, true 2:1 dimetric view (looking down at 30 degrees), hand-painted cel-shaded look with clean dark-brown outlines and soft saturated colours, light coming from the top left, no cast shadow on the ground, one single object centred, plain flat magenta background (#FF00FF) with nothing else in the picture, no text, no watermark, no frame, setting: European colonial trading settlement around the year 1500;text, letters, logo, watermark, frame, border, multiple objects, people in the foreground, perspective distortion, fisheye, photo realism, 3D render, cast shadow, gradient background, cropped object, blurry
grass_3;Gelände;terrain/grass_3.png;128x64;1x1 Kachel;lush green meadow with small flowers and tufts, tileable, variant 3 of 4;lush green meadow with small flowers and tufts, tileable, variant 3 of 4. isometric 2D video game asset, true 2:1 dimetric view (looking down at 30 degrees), hand-painted cel-shaded look with clean dark-brown outlines and soft saturated colours, light coming from the top left, no cast shadow on the ground, one single object centred, plain flat magenta background (#FF00FF) with nothing else in the picture, no text, no watermark, no frame, setting: European colonial trading settlement around the year 1500;text, letters, logo, watermark, frame, border, multiple objects, people in the foreground, perspective distortion, fisheye, photo realism, 3D render, cast shadow, gradient background, cropped object, blurry
grass_4;Gelände;terrain/grass_4.png;128x64;1x1 Kachel;lush green meadow with small flowers and tufts, tileable, variant 4 of 4;lush green meadow with small flowers and tufts, tileable, variant 4 of 4. isometric 2D video game asset, true 2:1 dimetric view (looking down at 30 degrees), hand-painted cel-shaded look with clean dark-brown outlines and soft saturated colours, light coming from the top left, no cast shadow on the ground, one single object centred, plain flat magenta background (#FF00FF) with nothing else in the picture, no text, no watermark, no frame, setting: European colonial trading settlement around the year 1500;text, letters, logo, watermark, frame, border, multiple objects, people in the foreground, perspective distortion, fisheye, photo realism, 3D render, cast shadow, gradient background, cropped object, blurry
forest_1;Gelände;terrain/forest_1.png;128x64;1x1 Kachel;dense green forest floor with 3 to 5 round-crowned trees, tileable, trees stay inside the tile diamond, variant 1 of 4;dense green forest floor with 3 to 5 round-crowned trees, tileable, trees stay inside the tile diamond, variant 1 of 4. isometric 2D video game asset, true 2:1 dimetric view (looking down at 30 degrees), hand-painted cel-shaded look with clean dark-brown outlines and soft saturated colours, light coming from the top left, no cast shadow on the ground, one single object centred, plain flat magenta background (#FF00FF) with nothing else in the picture, no text, no watermark, no frame, setting: European colonial trading settlement around the year 1500;text, letters, logo, watermark, frame, border, multiple objects, people in the foreground, perspective distortion, fisheye, photo realism, 3D render, cast shadow, gradient background, cropped object, blurry
forest_2;Gelände;terrain/forest_2.png;128x64;1x1 Kachel;dense green forest floor with 3 to 5 round-crowned trees, tileable, trees stay inside the tile diamond, variant 2 of 4;dense green forest floor with 3 to 5 round-crowned trees, tileable, trees stay inside the tile diamond, variant 2 of 4. isometric 2D video game asset, true 2:1 dimetric view (looking down at 30 degrees), hand-painted cel-shaded look with clean dark-brown outlines and soft saturated colours, light coming from the top left, no cast shadow on the ground, one single object centred, plain flat magenta background (#FF00FF) with nothing else in the picture, no text, no watermark, no frame, setting: European colonial trading settlement around the year 1500;text, letters, logo, watermark, frame, border, multiple objects, people in the foreground, perspective distortion, fisheye, photo realism, 3D render, cast shadow, gradient background, cropped object, blurry
forest_3;Gelände;terrain/forest_3.png;128x64;1x1 Kachel;dense green forest floor with 3 to 5 round-crowned trees, tileable, trees stay inside the tile diamond, variant 3 of 4;dense green forest floor with 3 to 5 round-crowned trees, tileable, trees stay inside the tile diamond, variant 3 of 4. isometric 2D video game asset, true 2:1 dimetric view (looking down at 30 degrees), hand-painted cel-shaded look with clean dark-brown outlines and soft saturated colours, light coming from the top left, no cast shadow on the ground, one single object centred, plain flat magenta background (#FF00FF) with nothing else in the picture, no text, no watermark, no frame, setting: European colonial trading settlement around the year 1500;text, letters, logo, watermark, frame, border, multiple objects, people in the foreground, perspective distortion, fisheye, photo realism, 3D render, cast shadow, gradient background, cropped object, blurry
forest_4;Gelände;terrain/forest_4.png;128x64;1x1 Kachel;dense green forest floor with 3 to 5 round-crowned trees, tileable, trees stay inside the tile diamond, variant 4 of 4;dense green forest floor with 3 to 5 round-crowned trees, tileable, trees stay inside the tile diamond, variant 4 of 4. isometric 2D video game asset, true 2:1 dimetric view (looking down at 30 degrees), hand-painted cel-shaded look with clean dark-brown outlines and soft saturated colours, light coming from the top left, no cast shadow on the ground, one single object centred, plain flat magenta background (#FF00FF) with nothing else in the picture, no text, no watermark, no frame, setting: European colonial trading settlement around the year 1500;text, letters, logo, watermark, frame, border, multiple objects, people in the foreground, perspective distortion, fisheye, photo realism, 3D render, cast shadow, gradient background, cropped object, blurry
mountain_1;Gelände;terrain/mountain_1.png;128x64;1x1 Kachel;grey rocky mountain tile with jagged cliffs and a few snow-free peaks, tileable, variant 1 of 4;grey rocky mountain tile with jagged cliffs and a few snow-free peaks, tileable, variant 1 of 4. isometric 2D video game asset, true 2:1 dimetric view (looking down at 30 degrees), hand-painted cel-shaded look with clean dark-brown outlines and soft saturated colours, light coming from the top left, no cast shadow on the ground, one single object centred, plain flat magenta background (#FF00FF) with nothing else in the picture, no text, no watermark, no frame, setting: European colonial trading settlement around the year 1500;text, letters, logo, watermark, frame, border, multiple objects, people in the foreground, perspective distortion, fisheye, photo realism, 3D render, cast shadow, gradient background, cropped object, blurry
mountain_2;Gelände;terrain/mountain_2.png;128x64;1x1 Kachel;grey rocky mountain tile with jagged cliffs and a few snow-free peaks, tileable, variant 2 of 4;grey rocky mountain tile with jagged cliffs and a few snow-free peaks, tileable, variant 2 of 4. isometric 2D video game asset, true 2:1 dimetric view (looking down at 30 degrees), hand-painted cel-shaded look with clean dark-brown outlines and soft saturated colours, light coming from the top left, no cast shadow on the ground, one single object centred, plain flat magenta background (#FF00FF) with nothing else in the picture, no text, no watermark, no frame, setting: European colonial trading settlement around the year 1500;text, letters, logo, watermark, frame, border, multiple objects, people in the foreground, perspective distortion, fisheye, photo realism, 3D render, cast shadow, gradient background, cropped object, blurry
mountain_3;Gelände;terrain/mountain_3.png;128x64;1x1 Kachel;grey rocky mountain tile with jagged cliffs and a few snow-free peaks, tileable, variant 3 of 4;grey rocky mountain tile with jagged cliffs and a few snow-free peaks, tileable, variant 3 of 4. isometric 2D video game asset, true 2:1 dimetric view (looking down at 30 degrees), hand-painted cel-shaded look with clean dark-brown outlines and soft saturated colours, light coming from the top left, no cast shadow on the ground, one single object centred, plain flat magenta background (#FF00FF) with nothing else in the picture, no text, no watermark, no frame, setting: European colonial trading settlement around the year 1500;text, letters, logo, watermark, frame, border, multiple objects, people in the foreground, perspective distortion, fisheye, photo realism, 3D render, cast shadow, gradient background, cropped object, blurry
mountain_4;Gelände;terrain/mountain_4.png;128x64;1x1 Kachel;grey rocky mountain tile with jagged cliffs and a few snow-free peaks, tileable, variant 4 of 4;grey rocky mountain tile with jagged cliffs and a few snow-free peaks, tileable, variant 4 of 4. isometric 2D video game asset, true 2:1 dimetric view (looking down at 30 degrees), hand-painted cel-shaded look with clean dark-brown outlines and soft saturated colours, light coming from the top left, no cast shadow on the ground, one single object centred, plain flat magenta background (#FF00FF) with nothing else in the picture, no text, no watermark, no frame, setting: European colonial trading settlement around the year 1500;text, letters, logo, watermark, frame, border, multiple objects, people in the foreground, perspective distortion, fisheye, photo realism, 3D render, cast shadow, gradient background, cropped object, blurry
road_none;Straßen;roads/road_none.png;128x64;1x1 Kachel;cobblestone path tile with brown packed earth edges, a small isolated patch of path in the middle, no connections;cobblestone path tile with brown packed earth edges, a small isolated patch of path in the middle, no connections. isometric 2D video game asset, true 2:1 dimetric view (looking down at 30 degrees), hand-painted cel-shaded look with clean dark-brown outlines and soft saturated colours, light coming from the top left, no cast shadow on the ground, one single object centred, plain flat magenta background (#FF00FF) with nothing else in the picture, no text, no watermark, no frame, setting: European colonial trading settlement around the year 1500;text, letters, logo, watermark, frame, border, multiple objects, people in the foreground, perspective distortion, fisheye, photo realism, 3D render, cast shadow, gradient background, cropped object, blurry
road_n;Straßen;roads/road_n.png;128x64;1x1 Kachel;cobblestone path tile with brown packed earth edges, path arms leave the tile centre towards up-right (north-east on screen);cobblestone path tile with brown packed earth edges, path arms leave the tile centre towards up-right (north-east on screen). isometric 2D video game asset, true 2:1 dimetric view (looking down at 30 degrees), hand-painted cel-shaded look with clean dark-brown outlines and soft saturated colours, light coming from the top left, no cast shadow on the ground, one single object centred, plain flat magenta background (#FF00FF) with nothing else in the picture, no text, no watermark, no frame, setting: European colonial trading settlement around the year 1500;text, letters, logo, watermark, frame, border, multiple objects, people in the foreground, perspective distortion, fisheye, photo realism, 3D render, cast shadow, gradient background, cropped object, blurry
road_e;Straßen;roads/road_e.png;128x64;1x1 Kachel;cobblestone path tile with brown packed earth edges, path arms leave the tile centre towards down-right (south-east on screen);cobblestone path tile with brown packed earth edges, path arms leave the tile centre towards down-right (south-east on screen). isometric 2D video game asset, true 2:1 dimetric view (looking down at 30 degrees), hand-painted cel-shaded look with clean dark-brown outlines and soft saturated colours, light coming from the top left, no cast shadow on the ground, one single object centred, plain flat magenta background (#FF00FF) with nothing else in the picture, no text, no watermark, no frame, setting: European colonial trading settlement around the year 1500;text, letters, logo, watermark, frame, border, multiple objects, people in the foreground, perspective distortion, fisheye, photo realism, 3D render, cast shadow, gradient background, cropped object, blurry
road_ne;Straßen;roads/road_ne.png;128x64;1x1 Kachel;cobblestone path tile with brown packed earth edges, path arms leave the tile centre towards up-right (north-east on screen), down-right (south-east on screen);cobblestone path tile with brown packed earth edges, path arms leave the tile centre towards up-right (north-east on screen), down-right (south-east on screen). isometric 2D video game asset, true 2:1 dimetric view (looking down at 30 degrees), hand-painted cel-shaded look with clean dark-brown outlines and soft saturated colours, light coming from the top left, no cast shadow on the ground, one single object centred, plain flat magenta background (#FF00FF) with nothing else in the picture, no text, no watermark, no frame, setting: European colonial trading settlement around the year 1500;text, letters, logo, watermark, frame, border, multiple objects, people in the foreground, perspective distortion, fisheye, photo realism, 3D render, cast shadow, gradient background, cropped object, blurry
road_s;Straßen;roads/road_s.png;128x64;1x1 Kachel;cobblestone path tile with brown packed earth edges, path arms leave the tile centre towards down-left (south-west on screen);cobblestone path tile with brown packed earth edges, path arms leave the tile centre towards down-left (south-west on screen). isometric 2D video game asset, true 2:1 dimetric view (looking down at 30 degrees), hand-painted cel-shaded look with clean dark-brown outlines and soft saturated colours, light coming from the top left, no cast shadow on the ground, one single object centred, plain flat magenta background (#FF00FF) with nothing else in the picture, no text, no watermark, no frame, setting: European colonial trading settlement around the year 1500;text, letters, logo, watermark, frame, border, multiple objects, people in the foreground, perspective distortion, fisheye, photo realism, 3D render, cast shadow, gradient background, cropped object, blurry
road_ns;Straßen;roads/road_ns.png;128x64;1x1 Kachel;cobblestone path tile with brown packed earth edges, path arms leave the tile centre towards up-right (north-east on screen), down-left (south-west on screen);cobblestone path tile with brown packed earth edges, path arms leave the tile centre towards up-right (north-east on screen), down-left (south-west on screen). isometric 2D video game asset, true 2:1 dimetric view (looking down at 30 degrees), hand-painted cel-shaded look with clean dark-brown outlines and soft saturated colours, light coming from the top left, no cast shadow on the ground, one single object centred, plain flat magenta background (#FF00FF) with nothing else in the picture, no text, no watermark, no frame, setting: European colonial trading settlement around the year 1500;text, letters, logo, watermark, frame, border, multiple objects, people in the foreground, perspective distortion, fisheye, photo realism, 3D render, cast shadow, gradient background, cropped object, blurry
road_es;Straßen;roads/road_es.png;128x64;1x1 Kachel;cobblestone path tile with brown packed earth edges, path arms leave the tile centre towards down-right (south-east on screen), down-left (south-west on screen);cobblestone path tile with brown packed earth edges, path arms leave the tile centre towards down-right (south-east on screen), down-left (south-west on screen). isometric 2D video game asset, true 2:1 dimetric view (looking down at 30 degrees), hand-painted cel-shaded look with clean dark-brown outlines and soft saturated colours, light coming from the top left, no cast shadow on the ground, one single object centred, plain flat magenta background (#FF00FF) with nothing else in the picture, no text, no watermark, no frame, setting: European colonial trading settlement around the year 1500;text, letters, logo, watermark, frame, border, multiple objects, people in the foreground, perspective distortion, fisheye, photo realism, 3D render, cast shadow, gradient background, cropped object, blurry
road_nes;Straßen;roads/road_nes.png;128x64;1x1 Kachel;cobblestone path tile with brown packed earth edges, path arms leave the tile centre towards up-right (north-east on screen), down-right (south-east on screen), down-left (south-west on screen);cobblestone path tile with brown packed earth edges, path arms leave the tile centre towards up-right (north-east on screen), down-right (south-east on screen), down-left (south-west on screen). isometric 2D video game asset, true 2:1 dimetric view (looking down at 30 degrees), hand-painted cel-shaded look with clean dark-brown outlines and soft saturated colours, light coming from the top left, no cast shadow on the ground, one single object centred, plain flat magenta background (#FF00FF) with nothing else in the picture, no text, no watermark, no frame, setting: European colonial trading settlement around the year 1500;text, letters, logo, watermark, frame, border, multiple objects, people in the foreground, perspective distortion, fisheye, photo realism, 3D render, cast shadow, gradient background, cropped object, blurry
road_w;Straßen;roads/road_w.png;128x64;1x1 Kachel;cobblestone path tile with brown packed earth edges, path arms leave the tile centre towards up-left (north-west on screen);cobblestone path tile with brown packed earth edges, path arms leave the tile centre towards up-left (north-west on screen). isometric 2D video game asset, true 2:1 dimetric view (looking down at 30 degrees), hand-painted cel-shaded look with clean dark-brown outlines and soft saturated colours, light coming from the top left, no cast shadow on the ground, one single object centred, plain flat magenta background (#FF00FF) with nothing else in the picture, no text, no watermark, no frame, setting: European colonial trading settlement around the year 1500;text, letters, logo, watermark, frame, border, multiple objects, people in the foreground, perspective distortion, fisheye, photo realism, 3D render, cast shadow, gradient background, cropped object, blurry
road_nw;Straßen;roads/road_nw.png;128x64;1x1 Kachel;cobblestone path tile with brown packed earth edges, path arms leave the tile centre towards up-right (north-east on screen), up-left (north-west on screen);cobblestone path tile with brown packed earth edges, path arms leave the tile centre towards up-right (north-east on screen), up-left (north-west on screen). isometric 2D video game asset, true 2:1 dimetric view (looking down at 30 degrees), hand-painted cel-shaded look with clean dark-brown outlines and soft saturated colours, light coming from the top left, no cast shadow on the ground, one single object centred, plain flat magenta background (#FF00FF) with nothing else in the picture, no text, no watermark, no frame, setting: European colonial trading settlement around the year 1500;text, letters, logo, watermark, frame, border, multiple objects, people in the foreground, perspective distortion, fisheye, photo realism, 3D render, cast shadow, gradient background, cropped object, blurry
road_ew;Straßen;roads/road_ew.png;128x64;1x1 Kachel;cobblestone path tile with brown packed earth edges, path arms leave the tile centre towards down-right (south-east on screen), up-left (north-west on screen);cobblestone path tile with brown packed earth edges, path arms leave the tile centre towards down-right (south-east on screen), up-left (north-west on screen). isometric 2D video game asset, true 2:1 dimetric view (looking down at 30 degrees), hand-painted cel-shaded look with clean dark-brown outlines and soft saturated colours, light coming from the top left, no cast shadow on the ground, one single object centred, plain flat magenta background (#FF00FF) with nothing else in the picture, no text, no watermark, no frame, setting: European colonial trading settlement around the year 1500;text, letters, logo, watermark, frame, border, multiple objects, people in the foreground, perspective distortion, fisheye, photo realism, 3D render, cast shadow, gradient background, cropped object, blurry
road_new;Straßen;roads/road_new.png;128x64;1x1 Kachel;cobblestone path tile with brown packed earth edges, path arms leave the tile centre towards up-right (north-east on screen), down-right (south-east on screen), up-left (north-west on screen);cobblestone path tile with brown packed earth edges, path arms leave the tile centre towards up-right (north-east on screen), down-right (south-east on screen), up-left (north-west on screen). isometric 2D video game asset, true 2:1 dimetric view (looking down at 30 degrees), hand-painted cel-shaded look with clean dark-brown outlines and soft saturated colours, light coming from the top left, no cast shadow on the ground, one single object centred, plain flat magenta background (#FF00FF) with nothing else in the picture, no text, no watermark, no frame, setting: European colonial trading settlement around the year 1500;text, letters, logo, watermark, frame, border, multiple objects, people in the foreground, perspective distortion, fisheye, photo realism, 3D render, cast shadow, gradient background, cropped object, blurry
road_sw;Straßen;roads/road_sw.png;128x64;1x1 Kachel;cobblestone path tile with brown packed earth edges, path arms leave the tile centre towards down-left (south-west on screen), up-left (north-west on screen);cobblestone path tile with brown packed earth edges, path arms leave the tile centre towards down-left (south-west on screen), up-left (north-west on screen). isometric 2D video game asset, true 2:1 dimetric view (looking down at 30 degrees), hand-painted cel-shaded look with clean dark-brown outlines and soft saturated colours, light coming from the top left, no cast shadow on the ground, one single object centred, plain flat magenta background (#FF00FF) with nothing else in the picture, no text, no watermark, no frame, setting: European colonial trading settlement around the year 1500;text, letters, logo, watermark, frame, border, multiple objects, people in the foreground, perspective distortion, fisheye, photo realism, 3D render, cast shadow, gradient background, cropped object, blurry
road_nsw;Straßen;roads/road_nsw.png;128x64;1x1 Kachel;cobblestone path tile with brown packed earth edges, path arms leave the tile centre towards up-right (north-east on screen), down-left (south-west on screen), up-left (north-west on screen);cobblestone path tile with brown packed earth edges, path arms leave the tile centre towards up-right (north-east on screen), down-left (south-west on screen), up-left (north-west on screen). isometric 2D video game asset, true 2:1 dimetric view (looking down at 30 degrees), hand-painted cel-shaded look with clean dark-brown outlines and soft saturated colours, light coming from the top left, no cast shadow on the ground, one single object centred, plain flat magenta background (#FF00FF) with nothing else in the picture, no text, no watermark, no frame, setting: European colonial trading settlement around the year 1500;text, letters, logo, watermark, frame, border, multiple objects, people in the foreground, perspective distortion, fisheye, photo realism, 3D render, cast shadow, gradient background, cropped object, blurry
road_esw;Straßen;roads/road_esw.png;128x64;1x1 Kachel;cobblestone path tile with brown packed earth edges, path arms leave the tile centre towards down-right (south-east on screen), down-left (south-west on screen), up-left (north-west on screen);cobblestone path tile with brown packed earth edges, path arms leave the tile centre towards down-right (south-east on screen), down-left (south-west on screen), up-left (north-west on screen). isometric 2D video game asset, true 2:1 dimetric view (looking down at 30 degrees), hand-painted cel-shaded look with clean dark-brown outlines and soft saturated colours, light coming from the top left, no cast shadow on the ground, one single object centred, plain flat magenta background (#FF00FF) with nothing else in the picture, no text, no watermark, no frame, setting: European colonial trading settlement around the year 1500;text, letters, logo, watermark, frame, border, multiple objects, people in the foreground, perspective distortion, fisheye, photo realism, 3D render, cast shadow, gradient background, cropped object, blurry
road_nesw;Straßen;roads/road_nesw.png;128x64;1x1 Kachel;cobblestone path tile with brown packed earth edges, path arms leave the tile centre towards up-right (north-east on screen), down-right (south-east on screen), down-left (south-west on screen), up-left (north-west on screen);cobblestone path tile with brown packed earth edges, path arms leave the tile centre towards up-right (north-east on screen), down-right (south-east on screen), down-left (south-west on screen), up-left (north-west on screen). isometric 2D video game asset, true 2:1 dimetric view (looking down at 30 degrees), hand-painted cel-shaded look with clean dark-brown outlines and soft saturated colours, light coming from the top left, no cast shadow on the ground, one single object centred, plain flat magenta background (#FF00FF) with nothing else in the picture, no text, no watermark, no frame, setting: European colonial trading settlement around the year 1500;text, letters, logo, watermark, frame, border, multiple objects, people in the foreground, perspective distortion, fisheye, photo realism, 3D render, cast shadow, gradient background, cropped object, blurry
good_tools;Warensymbole;icons/goods/tools.png;128x128;-;pile of hammer, saw and pickaxe (Werkzeug);pile of hammer, saw and pickaxe (Werkzeug), game UI icon, centred, simple bold shapes, thick dark-brown outline, saturated flat colours, plain flat magenta background (#FF00FF), no text, no frame, no watermark, hand-painted cel-shaded;text, letters, logo, watermark, frame, border, multiple objects, people in the foreground, perspective distortion, fisheye, photo realism, 3D render, cast shadow, gradient background, cropped object, blurry
good_wood;Warensymbole;icons/goods/wood.png;128x128;-;stack of cut logs (Holz);stack of cut logs (Holz), game UI icon, centred, simple bold shapes, thick dark-brown outline, saturated flat colours, plain flat magenta background (#FF00FF), no text, no frame, no watermark, hand-painted cel-shaded;text, letters, logo, watermark, frame, border, multiple objects, people in the foreground, perspective distortion, fisheye, photo realism, 3D render, cast shadow, gradient background, cropped object, blurry
good_bricks;Warensymbole;icons/goods/bricks.png;128x128;-;stack of red clay bricks (Ziegel);stack of red clay bricks (Ziegel), game UI icon, centred, simple bold shapes, thick dark-brown outline, saturated flat colours, plain flat magenta background (#FF00FF), no text, no frame, no watermark, hand-painted cel-shaded;text, letters, logo, watermark, frame, border, multiple objects, people in the foreground, perspective distortion, fisheye, photo realism, 3D render, cast shadow, gradient background, cropped object, blurry
good_marble;Warensymbole;icons/goods/marble.png;128x128;-;block of white marble with grey veins (Marmor);block of white marble with grey veins (Marmor), game UI icon, centred, simple bold shapes, thick dark-brown outline, saturated flat colours, plain flat magenta background (#FF00FF), no text, no frame, no watermark, hand-painted cel-shaded;text, letters, logo, watermark, frame, border, multiple objects, people in the foreground, perspective distortion, fisheye, photo realism, 3D render, cast shadow, gradient background, cropped object, blurry
good_stone;Warensymbole;icons/goods/stone.png;128x128;-;heap of rough grey stone blocks (Naturstein);heap of rough grey stone blocks (Naturstein), game UI icon, centred, simple bold shapes, thick dark-brown outline, saturated flat colours, plain flat magenta background (#FF00FF), no text, no frame, no watermark, hand-painted cel-shaded;text, letters, logo, watermark, frame, border, multiple objects, people in the foreground, perspective distortion, fisheye, photo realism, 3D render, cast shadow, gradient background, cropped object, blurry
good_ore;Warensymbole;icons/goods/ore.png;128x128;-;chunk of dark iron ore with reddish streaks (Eisenerz);chunk of dark iron ore with reddish streaks (Eisenerz), game UI icon, centred, simple bold shapes, thick dark-brown outline, saturated flat colours, plain flat magenta background (#FF00FF), no text, no frame, no watermark, hand-painted cel-shaded;text, letters, logo, watermark, frame, border, multiple objects, people in the foreground, perspective distortion, fisheye, photo realism, 3D render, cast shadow, gradient background, cropped object, blurry
good_iron;Warensymbole;icons/goods/iron.png;128x128;-;three iron ingots (Eisen);three iron ingots (Eisen), game UI icon, centred, simple bold shapes, thick dark-brown outline, saturated flat colours, plain flat magenta background (#FF00FF), no text, no frame, no watermark, hand-painted cel-shaded;text, letters, logo, watermark, frame, border, multiple objects, people in the foreground, perspective distortion, fisheye, photo realism, 3D render, cast shadow, gradient background, cropped object, blurry
good_wool;Warensymbole;icons/goods/wool.png;128x128;-;bundle of fluffy white wool (Wolle);bundle of fluffy white wool (Wolle), game UI icon, centred, simple bold shapes, thick dark-brown outline, saturated flat colours, plain flat magenta background (#FF00FF), no text, no frame, no watermark, hand-painted cel-shaded;text, letters, logo, watermark, frame, border, multiple objects, people in the foreground, perspective distortion, fisheye, photo realism, 3D render, cast shadow, gradient background, cropped object, blurry
good_cotton;Warensymbole;icons/goods/cotton.png;128x128;-;branch with white cotton bolls (Baumwolle);branch with white cotton bolls (Baumwolle), game UI icon, centred, simple bold shapes, thick dark-brown outline, saturated flat colours, plain flat magenta background (#FF00FF), no text, no frame, no watermark, hand-painted cel-shaded;text, letters, logo, watermark, frame, border, multiple objects, people in the foreground, perspective distortion, fisheye, photo realism, 3D render, cast shadow, gradient background, cropped object, blurry
good_cloth;Warensymbole;icons/goods/cloth.png;128x128;-;folded roll of plain woven cloth (Stoffe);folded roll of plain woven cloth (Stoffe), game UI icon, centred, simple bold shapes, thick dark-brown outline, saturated flat colours, plain flat magenta background (#FF00FF), no text, no frame, no watermark, hand-painted cel-shaded;text, letters, logo, watermark, frame, border, multiple objects, people in the foreground, perspective distortion, fisheye, photo realism, 3D render, cast shadow, gradient background, cropped object, blurry
good_leather;Warensymbole;icons/goods/leather.png;128x128;-;folded brown leather hide (Leder);folded brown leather hide (Leder), game UI icon, centred, simple bold shapes, thick dark-brown outline, saturated flat colours, plain flat magenta background (#FF00FF), no text, no frame, no watermark, hand-painted cel-shaded;text, letters, logo, watermark, frame, border, multiple objects, people in the foreground, perspective distortion, fisheye, photo realism, 3D render, cast shadow, gradient background, cropped object, blurry
good_hides;Warensymbole;icons/goods/hides.png;128x128;-;raw animal hide, stretched (Häute);raw animal hide, stretched (Häute), game UI icon, centred, simple bold shapes, thick dark-brown outline, saturated flat colours, plain flat magenta background (#FF00FF), no text, no frame, no watermark, hand-painted cel-shaded;text, letters, logo, watermark, frame, border, multiple objects, people in the foreground, perspective distortion, fisheye, photo realism, 3D render, cast shadow, gradient background, cropped object, blurry
good_grain;Warensymbole;icons/goods/grain.png;128x128;-;sheaf of golden wheat ears (Getreide);sheaf of golden wheat ears (Getreide), game UI icon, centred, simple bold shapes, thick dark-brown outline, saturated flat colours, plain flat magenta background (#FF00FF), no text, no frame, no watermark, hand-painted cel-shaded;text, letters, logo, watermark, frame, border, multiple objects, people in the foreground, perspective distortion, fisheye, photo realism, 3D render, cast shadow, gradient background, cropped object, blurry
good_flour;Warensymbole;icons/goods/flour.png;128x128;-;open sack of white flour (Mehl);open sack of white flour (Mehl), game UI icon, centred, simple bold shapes, thick dark-brown outline, saturated flat colours, plain flat magenta background (#FF00FF), no text, no frame, no watermark, hand-painted cel-shaded;text, letters, logo, watermark, frame, border, multiple objects, people in the foreground, perspective distortion, fisheye, photo realism, 3D render, cast shadow, gradient background, cropped object, blurry
good_food;Warensymbole;icons/goods/food.png;128x128;-;loaf of bread and a fish on a board (Nahrung);loaf of bread and a fish on a board (Nahrung), game UI icon, centred, simple bold shapes, thick dark-brown outline, saturated flat colours, plain flat magenta background (#FF00FF), no text, no frame, no watermark, hand-painted cel-shaded;text, letters, logo, watermark, frame, border, multiple objects, people in the foreground, perspective distortion, fisheye, photo realism, 3D render, cast shadow, gradient background, cropped object, blurry
good_potatoes;Warensymbole;icons/goods/potatoes.png;128x128;-;few brown potatoes (Kartoffeln);few brown potatoes (Kartoffeln), game UI icon, centred, simple bold shapes, thick dark-brown outline, saturated flat colours, plain flat magenta background (#FF00FF), no text, no frame, no watermark, hand-painted cel-shaded;text, letters, logo, watermark, frame, border, multiple objects, people in the foreground, perspective distortion, fisheye, photo realism, 3D render, cast shadow, gradient background, cropped object, blurry
good_hops;Warensymbole;icons/goods/hops.png;128x128;-;cluster of green hop cones (Hopfen);cluster of green hop cones (Hopfen), game UI icon, centred, simple bold shapes, thick dark-brown outline, saturated flat colours, plain flat magenta background (#FF00FF), no text, no frame, no watermark, hand-painted cel-shaded;text, letters, logo, watermark, frame, border, multiple objects, people in the foreground, perspective distortion, fisheye, photo realism, 3D render, cast shadow, gradient background, cropped object, blurry
good_sugar;Warensymbole;icons/goods/sugar.png;128x128;-;bundle of sugar cane stalks (Zuckerrohr);bundle of sugar cane stalks (Zuckerrohr), game UI icon, centred, simple bold shapes, thick dark-brown outline, saturated flat colours, plain flat magenta background (#FF00FF), no text, no frame, no watermark, hand-painted cel-shaded;text, letters, logo, watermark, frame, border, multiple objects, people in the foreground, perspective distortion, fisheye, photo realism, 3D render, cast shadow, gradient background, cropped object, blurry
good_alcohol;Warensymbole;icons/goods/alcohol.png;128x128;-;clay bottle and a small keg of spirits (Alkohol);clay bottle and a small keg of spirits (Alkohol), game UI icon, centred, simple bold shapes, thick dark-brown outline, saturated flat colours, plain flat magenta background (#FF00FF), no text, no frame, no watermark, hand-painted cel-shaded;text, letters, logo, watermark, frame, border, multiple objects, people in the foreground, perspective distortion, fisheye, photo realism, 3D render, cast shadow, gradient background, cropped object, blurry
good_salt;Warensymbole;icons/goods/salt.png;128x128;-;small white pile of salt in a sack (Salz);small white pile of salt in a sack (Salz), game UI icon, centred, simple bold shapes, thick dark-brown outline, saturated flat colours, plain flat magenta background (#FF00FF), no text, no frame, no watermark, hand-painted cel-shaded;text, letters, logo, watermark, frame, border, multiple objects, people in the foreground, perspective distortion, fisheye, photo realism, 3D render, cast shadow, gradient background, cropped object, blurry
good_tobacco_leaf;Warensymbole;icons/goods/tobacco_leaf.png;128x128;-;bundle of dried brown tobacco leaves (Tabakblätter);bundle of dried brown tobacco leaves (Tabakblätter), game UI icon, centred, simple bold shapes, thick dark-brown outline, saturated flat colours, plain flat magenta background (#FF00FF), no text, no frame, no watermark, hand-painted cel-shaded;text, letters, logo, watermark, frame, border, multiple objects, people in the foreground, perspective distortion, fisheye, photo realism, 3D render, cast shadow, gradient background, cropped object, blurry
good_tobacco;Warensymbole;icons/goods/tobacco.png;128x128;-;rolled cigars and a clay pipe (Tabak);rolled cigars and a clay pipe (Tabak), game UI icon, centred, simple bold shapes, thick dark-brown outline, saturated flat colours, plain flat magenta background (#FF00FF), no text, no frame, no watermark, hand-painted cel-shaded;text, letters, logo, watermark, frame, border, multiple objects, people in the foreground, perspective distortion, fisheye, photo realism, 3D render, cast shadow, gradient background, cropped object, blurry
good_spices;Warensymbole;icons/goods/spices.png;128x128;-;wooden bowl with red, yellow and green spices (Gewürze);wooden bowl with red, yellow and green spices (Gewürze), game UI icon, centred, simple bold shapes, thick dark-brown outline, saturated flat colours, plain flat magenta background (#FF00FF), no text, no frame, no watermark, hand-painted cel-shaded;text, letters, logo, watermark, frame, border, multiple objects, people in the foreground, perspective distortion, fisheye, photo realism, 3D render, cast shadow, gradient background, cropped object, blurry
good_raw_silk;Warensymbole;icons/goods/raw_silk.png;128x128;-;white silk cocoons and a thread (Rohseide);white silk cocoons and a thread (Rohseide), game UI icon, centred, simple bold shapes, thick dark-brown outline, saturated flat colours, plain flat magenta background (#FF00FF), no text, no frame, no watermark, hand-painted cel-shaded;text, letters, logo, watermark, frame, border, multiple objects, people in the foreground, perspective distortion, fisheye, photo realism, 3D render, cast shadow, gradient background, cropped object, blurry
good_indigo;Warensymbole;icons/goods/indigo.png;128x128;-;blue indigo dye lump and a blue-leaved plant (Indigo);blue indigo dye lump and a blue-leaved plant (Indigo), game UI icon, centred, simple bold shapes, thick dark-brown outline, saturated flat colours, plain flat magenta background (#FF00FF), no text, no frame, no watermark, hand-painted cel-shaded;text, letters, logo, watermark, frame, border, multiple objects, people in the foreground, perspective distortion, fisheye, photo realism, 3D render, cast shadow, gradient background, cropped object, blurry
good_silk;Warensymbole;icons/goods/silk.png;128x128;-;folded bolt of shiny purple silk (Seidenstoffe);folded bolt of shiny purple silk (Seidenstoffe), game UI icon, centred, simple bold shapes, thick dark-brown outline, saturated flat colours, plain flat magenta background (#FF00FF), no text, no frame, no watermark, hand-painted cel-shaded;text, letters, logo, watermark, frame, border, multiple objects, people in the foreground, perspective distortion, fisheye, photo realism, 3D render, cast shadow, gradient background, cropped object, blurry
good_blubber;Warensymbole;icons/goods/blubber.png;128x128;-;wooden barrel of whale blubber, yellowish (Tran);wooden barrel of whale blubber, yellowish (Tran), game UI icon, centred, simple bold shapes, thick dark-brown outline, saturated flat colours, plain flat magenta background (#FF00FF), no text, no frame, no watermark, hand-painted cel-shaded;text, letters, logo, watermark, frame, border, multiple objects, people in the foreground, perspective distortion, fisheye, photo realism, 3D render, cast shadow, gradient background, cropped object, blurry
good_lamp_oil;Warensymbole;icons/goods/lamp_oil.png;128x128;-;brass oil lamp with a flame (Lampenöl);brass oil lamp with a flame (Lampenöl), game UI icon, centred, simple bold shapes, thick dark-brown outline, saturated flat colours, plain flat magenta background (#FF00FF), no text, no frame, no watermark, hand-painted cel-shaded;text, letters, logo, watermark, frame, border, multiple objects, people in the foreground, perspective distortion, fisheye, photo realism, 3D render, cast shadow, gradient background, cropped object, blurry
good_grapes;Warensymbole;icons/goods/grapes.png;128x128;-;bunch of purple grapes with leaves (Trauben);bunch of purple grapes with leaves (Trauben), game UI icon, centred, simple bold shapes, thick dark-brown outline, saturated flat colours, plain flat magenta background (#FF00FF), no text, no frame, no watermark, hand-painted cel-shaded;text, letters, logo, watermark, frame, border, multiple objects, people in the foreground, perspective distortion, fisheye, photo realism, 3D render, cast shadow, gradient background, cropped object, blurry
good_wine;Warensymbole;icons/goods/wine.png;128x128;-;dark green wine bottle with a glass of red wine (Wein);dark green wine bottle with a glass of red wine (Wein), game UI icon, centred, simple bold shapes, thick dark-brown outline, saturated flat colours, plain flat magenta background (#FF00FF), no text, no frame, no watermark, hand-painted cel-shaded;text, letters, logo, watermark, frame, border, multiple objects, people in the foreground, perspective distortion, fisheye, photo realism, 3D render, cast shadow, gradient background, cropped object, blurry
good_gold;Warensymbole;icons/goods/gold.png;128x128;-;pile of gold nuggets (Gold);pile of gold nuggets (Gold), game UI icon, centred, simple bold shapes, thick dark-brown outline, saturated flat colours, plain flat magenta background (#FF00FF), no text, no frame, no watermark, hand-painted cel-shaded;text, letters, logo, watermark, frame, border, multiple objects, people in the foreground, perspective distortion, fisheye, photo realism, 3D render, cast shadow, gradient background, cropped object, blurry
good_gems;Warensymbole;icons/goods/gems.png;128x128;-;three cut gemstones, red, blue and green (Edelsteine);three cut gemstones, red, blue and green (Edelsteine), game UI icon, centred, simple bold shapes, thick dark-brown outline, saturated flat colours, plain flat magenta background (#FF00FF), no text, no frame, no watermark, hand-painted cel-shaded;text, letters, logo, watermark, frame, border, multiple objects, people in the foreground, perspective distortion, fisheye, photo realism, 3D render, cast shadow, gradient background, cropped object, blurry
good_jewelry;Warensymbole;icons/goods/jewelry.png;128x128;-;gold necklace with a big red gem (Schmuck);gold necklace with a big red gem (Schmuck), game UI icon, centred, simple bold shapes, thick dark-brown outline, saturated flat colours, plain flat magenta background (#FF00FF), no text, no frame, no watermark, hand-painted cel-shaded;text, letters, logo, watermark, frame, border, multiple objects, people in the foreground, perspective distortion, fisheye, photo realism, 3D render, cast shadow, gradient background, cropped object, blurry
tier_pioneers;Stufensymbole;icons/tiers/pioneers.png;128x128;-;simple settler figure with a straw hat and a bundle;simple settler figure with a straw hat and a bundle, game UI icon, centred, simple bold shapes, thick dark-brown outline, saturated flat colours, plain flat magenta background (#FF00FF), no text, no frame, no watermark, hand-painted cel-shaded;text, letters, logo, watermark, frame, border, multiple objects, people in the foreground, perspective distortion, fisheye, photo realism, 3D render, cast shadow, gradient background, cropped object, blurry
tier_settlers;Stufensymbole;icons/tiers/settlers.png;128x128;-;farmer figure with a hat and a hoe;farmer figure with a hat and a hoe, game UI icon, centred, simple bold shapes, thick dark-brown outline, saturated flat colours, plain flat magenta background (#FF00FF), no text, no frame, no watermark, hand-painted cel-shaded;text, letters, logo, watermark, frame, border, multiple objects, people in the foreground, perspective distortion, fisheye, photo realism, 3D render, cast shadow, gradient background, cropped object, blurry
tier_citizens;Stufensymbole;icons/tiers/citizens.png;128x128;-;townsman in a doublet and cap;townsman in a doublet and cap, game UI icon, centred, simple bold shapes, thick dark-brown outline, saturated flat colours, plain flat magenta background (#FF00FF), no text, no frame, no watermark, hand-painted cel-shaded;text, letters, logo, watermark, frame, border, multiple objects, people in the foreground, perspective distortion, fisheye, photo realism, 3D render, cast shadow, gradient background, cropped object, blurry
tier_merchants;Stufensymbole;icons/tiers/merchants.png;128x128;-;merchant in a fine coat with a money pouch;merchant in a fine coat with a money pouch, game UI icon, centred, simple bold shapes, thick dark-brown outline, saturated flat colours, plain flat magenta background (#FF00FF), no text, no frame, no watermark, hand-painted cel-shaded;text, letters, logo, watermark, frame, border, multiple objects, people in the foreground, perspective distortion, fisheye, photo realism, 3D render, cast shadow, gradient background, cropped object, blurry
tier_aristocrats;Stufensymbole;icons/tiers/aristocrats.png;128x128;-;noble in a velvet coat and plumed hat;noble in a velvet coat and plumed hat, game UI icon, centred, simple bold shapes, thick dark-brown outline, saturated flat colours, plain flat magenta background (#FF00FF), no text, no frame, no watermark, hand-painted cel-shaded;text, letters, logo, watermark, frame, border, multiple objects, people in the foreground, perspective distortion, fisheye, photo realism, 3D render, cast shadow, gradient background, cropped object, blurry
cat_housing;Oberfläche;icons/ui/cat_housing.png;128x128;-;Kategorie Wohnen: small house with a heart-shaped window;Kategorie Wohnen: small house with a heart-shaped window, game UI icon, centred, simple bold shapes, thick dark-brown outline, saturated flat colours, plain flat magenta background (#FF00FF), no text, no frame, no watermark, hand-painted cel-shaded;text, letters, logo, watermark, frame, border, multiple objects, people in the foreground, perspective distortion, fisheye, photo realism, 3D render, cast shadow, gradient background, cropped object, blurry
cat_public;Oberfläche;icons/ui/cat_public.png;128x128;-;Kategorie Öffentlich: chapel with bell tower;Kategorie Öffentlich: chapel with bell tower, game UI icon, centred, simple bold shapes, thick dark-brown outline, saturated flat colours, plain flat magenta background (#FF00FF), no text, no frame, no watermark, hand-painted cel-shaded;text, letters, logo, watermark, frame, border, multiple objects, people in the foreground, perspective distortion, fisheye, photo realism, 3D render, cast shadow, gradient background, cropped object, blurry
cat_production;Oberfläche;icons/ui/cat_production.png;128x128;-;Kategorie Produktion: gear wheel with a hammer;Kategorie Produktion: gear wheel with a hammer, game UI icon, centred, simple bold shapes, thick dark-brown outline, saturated flat colours, plain flat magenta background (#FF00FF), no text, no frame, no watermark, hand-painted cel-shaded;text, letters, logo, watermark, frame, border, multiple objects, people in the foreground, perspective distortion, fisheye, photo realism, 3D render, cast shadow, gradient background, cropped object, blurry
cat_infrastructure;Oberfläche;icons/ui/cat_infrastructure.png;128x128;-;Kategorie Infrastruktur: paved road with an anchor;Kategorie Infrastruktur: paved road with an anchor, game UI icon, centred, simple bold shapes, thick dark-brown outline, saturated flat colours, plain flat magenta background (#FF00FF), no text, no frame, no watermark, hand-painted cel-shaded;text, letters, logo, watermark, frame, border, multiple objects, people in the foreground, perspective distortion, fisheye, photo realism, 3D render, cast shadow, gradient background, cropped object, blurry
cat_demolish;Oberfläche;icons/ui/cat_demolish.png;128x128;-;Abriss: pickaxe breaking a wall;Abriss: pickaxe breaking a wall, game UI icon, centred, simple bold shapes, thick dark-brown outline, saturated flat colours, plain flat magenta background (#FF00FF), no text, no frame, no watermark, hand-painted cel-shaded;text, letters, logo, watermark, frame, border, multiple objects, people in the foreground, perspective distortion, fisheye, photo realism, 3D render, cast shadow, gradient background, cropped object, blurry
cat_statistics;Oberfläche;icons/ui/cat_statistics.png;128x128;-;Statistik: scroll with a bar chart;Statistik: scroll with a bar chart, game UI icon, centred, simple bold shapes, thick dark-brown outline, saturated flat colours, plain flat magenta background (#FF00FF), no text, no frame, no watermark, hand-painted cel-shaded;text, letters, logo, watermark, frame, border, multiple objects, people in the foreground, perspective distortion, fisheye, photo realism, 3D render, cast shadow, gradient background, cropped object, blurry
cat_worldmap;Oberfläche;icons/ui/cat_worldmap.png;128x128;-;Weltkarte: old compass rose over a map;Weltkarte: old compass rose over a map, game UI icon, centred, simple bold shapes, thick dark-brown outline, saturated flat colours, plain flat magenta background (#FF00FF), no text, no frame, no watermark, hand-painted cel-shaded;text, letters, logo, watermark, frame, border, multiple objects, people in the foreground, perspective distortion, fisheye, photo realism, 3D render, cast shadow, gradient background, cropped object, blurry
cat_trade;Oberfläche;icons/ui/cat_trade.png;128x128;-;Handel: sailing ship with a coin;Handel: sailing ship with a coin, game UI icon, centred, simple bold shapes, thick dark-brown outline, saturated flat colours, plain flat magenta background (#FF00FF), no text, no frame, no watermark, hand-painted cel-shaded;text, letters, logo, watermark, frame, border, multiple objects, people in the foreground, perspective distortion, fisheye, photo realism, 3D render, cast shadow, gradient background, cropped object, blurry
status_producing;Oberfläche;icons/ui/status_producing.png;128x128;-;Status produziert: green gear wheel;Status produziert: green gear wheel, game UI icon, centred, simple bold shapes, thick dark-brown outline, saturated flat colours, plain flat magenta background (#FF00FF), no text, no frame, no watermark, hand-painted cel-shaded;text, letters, logo, watermark, frame, border, multiple objects, people in the foreground, perspective distortion, fisheye, photo realism, 3D render, cast shadow, gradient background, cropped object, blurry
status_waiting;Oberfläche;icons/ui/status_waiting.png;128x128;-;Status wartet: yellow hourglass;Status wartet: yellow hourglass, game UI icon, centred, simple bold shapes, thick dark-brown outline, saturated flat colours, plain flat magenta background (#FF00FF), no text, no frame, no watermark, hand-painted cel-shaded;text, letters, logo, watermark, frame, border, multiple objects, people in the foreground, perspective distortion, fisheye, photo realism, 3D render, cast shadow, gradient background, cropped object, blurry
status_full;Oberfläche;icons/ui/status_full.png;128x128;-;Status Lager voll: orange full crate;Status Lager voll: orange full crate, game UI icon, centred, simple bold shapes, thick dark-brown outline, saturated flat colours, plain flat magenta background (#FF00FF), no text, no frame, no watermark, hand-painted cel-shaded;text, letters, logo, watermark, frame, border, multiple objects, people in the foreground, perspective distortion, fisheye, photo realism, 3D render, cast shadow, gradient background, cropped object, blurry
status_noroad;Oberfläche;icons/ui/status_noroad.png;128x128;-;Status keine Straße: red broken road sign;Status keine Straße: red broken road sign, game UI icon, centred, simple bold shapes, thick dark-brown outline, saturated flat colours, plain flat magenta background (#FF00FF), no text, no frame, no watermark, hand-painted cel-shaded;text, letters, logo, watermark, frame, border, multiple objects, people in the foreground, perspective distortion, fisheye, photo realism, 3D render, cast shadow, gradient background, cropped object, blurry
status_nohub;Oberfläche;icons/ui/status_nohub.png;128x128;-;Status außer Reichweite: red house with a cross;Status außer Reichweite: red house with a cross, game UI icon, centred, simple bold shapes, thick dark-brown outline, saturated flat colours, plain flat magenta background (#FF00FF), no text, no frame, no watermark, hand-painted cel-shaded;text, letters, logo, watermark, frame, border, multiple objects, people in the foreground, perspective distortion, fisheye, photo realism, 3D render, cast shadow, gradient background, cropped object, blurry
status_inactive;Oberfläche;icons/ui/status_inactive.png;128x128;-;Status stillgelegt: grey pause symbol;Status stillgelegt: grey pause symbol, game UI icon, centred, simple bold shapes, thick dark-brown outline, saturated flat colours, plain flat magenta background (#FF00FF), no text, no frame, no watermark, hand-painted cel-shaded;text, letters, logo, watermark, frame, border, multiple objects, people in the foreground, perspective distortion, fisheye, photo realism, 3D render, cast shadow, gradient background, cropped object, blurry
coin;Oberfläche;icons/ui/coin.png;128x128;-;Münze: shiny gold coin with an anchor emblem;Münze: shiny gold coin with an anchor emblem, game UI icon, centred, simple bold shapes, thick dark-brown outline, saturated flat colours, plain flat magenta background (#FF00FF), no text, no frame, no watermark, hand-painted cel-shaded;text, letters, logo, watermark, frame, border, multiple objects, people in the foreground, perspective distortion, fisheye, photo realism, 3D render, cast shadow, gradient background, cropped object, blurry
population;Oberfläche;icons/ui/population.png;128x128;-;Einwohner: two simple human silhouettes;Einwohner: two simple human silhouettes, game UI icon, centred, simple bold shapes, thick dark-brown outline, saturated flat colours, plain flat magenta background (#FF00FF), no text, no frame, no watermark, hand-painted cel-shaded;text, letters, logo, watermark, frame, border, multiple objects, people in the foreground, perspective distortion, fisheye, photo realism, 3D render, cast shadow, gradient background, cropped object, blurry
balance_up;Oberfläche;icons/ui/balance_up.png;128x128;-;Bilanz plus: green arrow up with a coin;Bilanz plus: green arrow up with a coin, game UI icon, centred, simple bold shapes, thick dark-brown outline, saturated flat colours, plain flat magenta background (#FF00FF), no text, no frame, no watermark, hand-painted cel-shaded;text, letters, logo, watermark, frame, border, multiple objects, people in the foreground, perspective distortion, fisheye, photo realism, 3D render, cast shadow, gradient background, cropped object, blurry
balance_down;Oberfläche;icons/ui/balance_down.png;128x128;-;Bilanz minus: red arrow down with a coin;Bilanz minus: red arrow down with a coin, game UI icon, centred, simple bold shapes, thick dark-brown outline, saturated flat colours, plain flat magenta background (#FF00FF), no text, no frame, no watermark, hand-painted cel-shaded;text, letters, logo, watermark, frame, border, multiple objects, people in the foreground, perspective distortion, fisheye, photo realism, 3D render, cast shadow, gradient background, cropped object, blurry
warning;Oberfläche;icons/ui/warning.png;128x128;-;Warnung: yellow triangle with an exclamation mark, no text letters other than the exclamation mark;Warnung: yellow triangle with an exclamation mark, no text letters other than the exclamation mark, game UI icon, centred, simple bold shapes, thick dark-brown outline, saturated flat colours, plain flat magenta background (#FF00FF), no text, no frame, no watermark, hand-painted cel-shaded;text, letters, logo, watermark, frame, border, multiple objects, people in the foreground, perspective distortion, fisheye, photo realism, 3D render, cast shadow, gradient background, cropped object, blurry
ship_top;Schiffe;ships/ship_top.png;128x128;-;wooden three-masted trading ship seen from straight above (top-down), bow pointing up, white square sails, simple shapes;wooden three-masted trading ship seen from straight above (top-down), bow pointing up, white square sails, simple shapes. isometric 2D video game asset, true 2:1 dimetric view (looking down at 30 degrees), hand-painted cel-shaded look with clean dark-brown outlines and soft saturated colours, light coming from the top left, no cast shadow on the ground, one single object centred, plain flat magenta background (#FF00FF) with nothing else in the picture, no text, no watermark, no frame, setting: European colonial trading settlement around the year 1500;text, letters, logo, watermark, frame, border, multiple objects, people in the foreground, perspective distortion, fisheye, photo realism, 3D render, cast shadow, gradient background, cropped object, blurry
ship_iso_s;Schiffe;ships/ship_iso_s.png;256x256;-;wooden trading ship in isometric view, bow pointing to the bottom-right (south-east), white square sails with a red cross-less pennant;wooden trading ship in isometric view, bow pointing to the bottom-right (south-east), white square sails with a red cross-less pennant. isometric 2D video game asset, true 2:1 dimetric view (looking down at 30 degrees), hand-painted cel-shaded look with clean dark-brown outlines and soft saturated colours, light coming from the top left, no cast shadow on the ground, one single object centred, plain flat magenta background (#FF00FF) with nothing else in the picture, no text, no watermark, no frame, setting: European colonial trading settlement around the year 1500;text, letters, logo, watermark, frame, border, multiple objects, people in the foreground, perspective distortion, fisheye, photo realism, 3D render, cast shadow, gradient background, cropped object, blurry
ship_iso_e;Schiffe;ships/ship_iso_e.png;256x256;-;same ship, bow pointing to the right (east);same ship, bow pointing to the right (east). isometric 2D video game asset, true 2:1 dimetric view (looking down at 30 degrees), hand-painted cel-shaded look with clean dark-brown outlines and soft saturated colours, light coming from the top left, no cast shadow on the ground, one single object centred, plain flat magenta background (#FF00FF) with nothing else in the picture, no text, no watermark, no frame, setting: European colonial trading settlement around the year 1500;text, letters, logo, watermark, frame, border, multiple objects, people in the foreground, perspective distortion, fisheye, photo realism, 3D render, cast shadow, gradient background, cropped object, blurry
ship_iso_n;Schiffe;ships/ship_iso_n.png;256x256;-;same ship, bow pointing to the top-right (north-east);same ship, bow pointing to the top-right (north-east). isometric 2D video game asset, true 2:1 dimetric view (looking down at 30 degrees), hand-painted cel-shaded look with clean dark-brown outlines and soft saturated colours, light coming from the top left, no cast shadow on the ground, one single object centred, plain flat magenta background (#FF00FF) with nothing else in the picture, no text, no watermark, no frame, setting: European colonial trading settlement around the year 1500;text, letters, logo, watermark, frame, border, multiple objects, people in the foreground, perspective distortion, fisheye, photo realism, 3D render, cast shadow, gradient background, cropped object, blurry
ship_iso_nw;Schiffe;ships/ship_iso_nw.png;256x256;-;same ship, bow pointing to the top-left (north-west);same ship, bow pointing to the top-left (north-west). isometric 2D video game asset, true 2:1 dimetric view (looking down at 30 degrees), hand-painted cel-shaded look with clean dark-brown outlines and soft saturated colours, light coming from the top left, no cast shadow on the ground, one single object centred, plain flat magenta background (#FF00FF) with nothing else in the picture, no text, no watermark, no frame, setting: European colonial trading settlement around the year 1500;text, letters, logo, watermark, frame, border, multiple objects, people in the foreground, perspective distortion, fisheye, photo realism, 3D render, cast shadow, gradient background, cropped object, blurry
ship_iso_sw;Schiffe;ships/ship_iso_sw.png;256x256;-;same ship, bow pointing to the bottom-left (south-west);same ship, bow pointing to the bottom-left (south-west). isometric 2D video game asset, true 2:1 dimetric view (looking down at 30 degrees), hand-painted cel-shaded look with clean dark-brown outlines and soft saturated colours, light coming from the top left, no cast shadow on the ground, one single object centred, plain flat magenta background (#FF00FF) with nothing else in the picture, no text, no watermark, no frame, setting: European colonial trading settlement around the year 1500;text, letters, logo, watermark, frame, border, multiple objects, people in the foreground, perspective distortion, fisheye, photo realism, 3D render, cast shadow, gradient background, cropped object, blurry
smoke_1;Effekte;effects/smoke_1.png;128x192;-;puff of grey chimney smoke rising, animation frame 1 of 6, soft cartoon smoke, loops seamlessly;puff of grey chimney smoke rising, animation frame 1 of 6, soft cartoon smoke, loops seamlessly. isometric 2D video game asset, true 2:1 dimetric view (looking down at 30 degrees), hand-painted cel-shaded look with clean dark-brown outlines and soft saturated colours, light coming from the top left, no cast shadow on the ground, one single object centred, plain flat magenta background (#FF00FF) with nothing else in the picture, no text, no watermark, no frame, setting: European colonial trading settlement around the year 1500;text, letters, logo, watermark, frame, border, multiple objects, people in the foreground, perspective distortion, fisheye, photo realism, 3D render, cast shadow, gradient background, cropped object, blurry
smoke_2;Effekte;effects/smoke_2.png;128x192;-;puff of grey chimney smoke rising, animation frame 2 of 6, soft cartoon smoke, loops seamlessly;puff of grey chimney smoke rising, animation frame 2 of 6, soft cartoon smoke, loops seamlessly. isometric 2D video game asset, true 2:1 dimetric view (looking down at 30 degrees), hand-painted cel-shaded look with clean dark-brown outlines and soft saturated colours, light coming from the top left, no cast shadow on the ground, one single object centred, plain flat magenta background (#FF00FF) with nothing else in the picture, no text, no watermark, no frame, setting: European colonial trading settlement around the year 1500;text, letters, logo, watermark, frame, border, multiple objects, people in the foreground, perspective distortion, fisheye, photo realism, 3D render, cast shadow, gradient background, cropped object, blurry
smoke_3;Effekte;effects/smoke_3.png;128x192;-;puff of grey chimney smoke rising, animation frame 3 of 6, soft cartoon smoke, loops seamlessly;puff of grey chimney smoke rising, animation frame 3 of 6, soft cartoon smoke, loops seamlessly. isometric 2D video game asset, true 2:1 dimetric view (looking down at 30 degrees), hand-painted cel-shaded look with clean dark-brown outlines and soft saturated colours, light coming from the top left, no cast shadow on the ground, one single object centred, plain flat magenta background (#FF00FF) with nothing else in the picture, no text, no watermark, no frame, setting: European colonial trading settlement around the year 1500;text, letters, logo, watermark, frame, border, multiple objects, people in the foreground, perspective distortion, fisheye, photo realism, 3D render, cast shadow, gradient background, cropped object, blurry
smoke_4;Effekte;effects/smoke_4.png;128x192;-;puff of grey chimney smoke rising, animation frame 4 of 6, soft cartoon smoke, loops seamlessly;puff of grey chimney smoke rising, animation frame 4 of 6, soft cartoon smoke, loops seamlessly. isometric 2D video game asset, true 2:1 dimetric view (looking down at 30 degrees), hand-painted cel-shaded look with clean dark-brown outlines and soft saturated colours, light coming from the top left, no cast shadow on the ground, one single object centred, plain flat magenta background (#FF00FF) with nothing else in the picture, no text, no watermark, no frame, setting: European colonial trading settlement around the year 1500;text, letters, logo, watermark, frame, border, multiple objects, people in the foreground, perspective distortion, fisheye, photo realism, 3D render, cast shadow, gradient background, cropped object, blurry
smoke_5;Effekte;effects/smoke_5.png;128x192;-;puff of grey chimney smoke rising, animation frame 5 of 6, soft cartoon smoke, loops seamlessly;puff of grey chimney smoke rising, animation frame 5 of 6, soft cartoon smoke, loops seamlessly. isometric 2D video game asset, true 2:1 dimetric view (looking down at 30 degrees), hand-painted cel-shaded look with clean dark-brown outlines and soft saturated colours, light coming from the top left, no cast shadow on the ground, one single object centred, plain flat magenta background (#FF00FF) with nothing else in the picture, no text, no watermark, no frame, setting: European colonial trading settlement around the year 1500;text, letters, logo, watermark, frame, border, multiple objects, people in the foreground, perspective distortion, fisheye, photo realism, 3D render, cast shadow, gradient background, cropped object, blurry
smoke_6;Effekte;effects/smoke_6.png;128x192;-;puff of grey chimney smoke rising, animation frame 6 of 6, soft cartoon smoke, loops seamlessly;puff of grey chimney smoke rising, animation frame 6 of 6, soft cartoon smoke, loops seamlessly. isometric 2D video game asset, true 2:1 dimetric view (looking down at 30 degrees), hand-painted cel-shaded look with clean dark-brown outlines and soft saturated colours, light coming from the top left, no cast shadow on the ground, one single object centred, plain flat magenta background (#FF00FF) with nothing else in the picture, no text, no watermark, no frame, setting: European colonial trading settlement around the year 1500;text, letters, logo, watermark, frame, border, multiple objects, people in the foreground, perspective distortion, fisheye, photo realism, 3D render, cast shadow, gradient background, cropped object, blurry
scaffold_2x2;Effekte;effects/scaffold_2x2.png;256x224;2x2;wooden construction scaffold around an empty building plot with planks and a rope;wooden construction scaffold around an empty building plot with planks and a rope. isometric 2D video game asset, true 2:1 dimetric view (looking down at 30 degrees), hand-painted cel-shaded look with clean dark-brown outlines and soft saturated colours, light coming from the top left, no cast shadow on the ground, one single object centred, plain flat magenta background (#FF00FF) with nothing else in the picture, no text, no watermark, no frame, setting: European colonial trading settlement around the year 1500;text, letters, logo, watermark, frame, border, multiple objects, people in the foreground, perspective distortion, fisheye, photo realism, 3D render, cast shadow, gradient background, cropped object, blurry
island_icon;Effekte;effects/island_icon.png;256x256;-;small top-down island with a palm tree and a tiny harbour, for a map marker;small top-down island with a palm tree and a tiny harbour, for a map marker. isometric 2D video game asset, true 2:1 dimetric view (looking down at 30 degrees), hand-painted cel-shaded look with clean dark-brown outlines and soft saturated colours, light coming from the top left, no cast shadow on the ground, one single object centred, plain flat magenta background (#FF00FF) with nothing else in the picture, no text, no watermark, no frame, setting: European colonial trading settlement around the year 1500;text, letters, logo, watermark, frame, border, multiple objects, people in the foreground, perspective distortion, fisheye, photo realism, 3D render, cast shadow, gradient background, cropped object, blurry
icon_512;App;app/icon-512.png;512x512;-;app icon: a small green island with a red-roofed house and a sailing ship, bold simple shapes, centred, fills the whole square, no transparent corners;app icon: a small green island with a red-roofed house and a sailing ship, bold simple shapes, centred, fills the whole square, no transparent corners, polished game key art, hand-painted cel-shaded style;text, letters, logo, watermark, frame, border, multiple objects, people in the foreground, perspective distortion, fisheye, photo realism, 3D render, cast shadow, gradient background, cropped object, blurry
icon_maskable_512;App;app/icon-maskable-512.png;512x512;-;same motif but smaller, kept inside the central 80 percent, island-green background filling the whole square;same motif but smaller, kept inside the central 80 percent, island-green background filling the whole square, polished game key art, hand-painted cel-shaded style;text, letters, logo, watermark, frame, border, multiple objects, people in the foreground, perspective distortion, fisheye, photo realism, 3D render, cast shadow, gradient background, cropped object, blurry
icon_192;App;app/icon-192.png;192x192;-;same as icon_512, downscaled;same as icon_512, downscaled, polished game key art, hand-painted cel-shaded style;text, letters, logo, watermark, frame, border, multiple objects, people in the foreground, perspective distortion, fisheye, photo realism, 3D render, cast shadow, gradient background, cropped object, blurry
splash;App;app/splash.png;1920x1080;-;landscape key art of a harbour town on an island with a trading ship, warm morning light, no text, leave the top third calm for a title;landscape key art of a harbour town on an island with a trading ship, warm morning light, no text, leave the top third calm for a title, polished game key art, hand-painted cel-shaded style;text, letters, logo, watermark, frame, border, multiple objects, people in the foreground, perspective distortion, fisheye, photo realism, 3D render, cast shadow, gradient background, cropped object, blurry
logo;App;app/logo.png;1024x256;-;title logo reading Inselwirtschaft in a bold carved wooden sign style with a small anchor, transparent background, the only picture that may contain text;title logo reading Inselwirtschaft in a bold carved wooden sign style with a small anchor, transparent background, the only picture that may contain text, polished game key art, hand-painted cel-shaded style;text, letters, logo, watermark, frame, border, multiple objects, people in the foreground, perspective distortion, fisheye, photo realism, 3D render, cast shadow, gradient background, cropped object, blurry
